SL,ID,Year, Market Capitalization ,Market Cap Growth,Debt / Equity Ratio,Debt / FCF Ratio,Return on Equity (ROE),Return on Assets (ROA),Return on Capital (ROIC),Total Shareholders Return,Log Total Assets,Log Currency in Circulation ($ Bil),Effective Federal Funds Rate (%),Loss Function
1,TMP,2010,"426,163,399",0.082,1.665,7.375,0.127,0.011,0.014,,14.688,6.887,0.183,-28.982
1,TMP,2011,"428,342,340",0.005,1.277,5.532,0.12,0.011,0.014,,14.877,6.972,0.072,-20.251
1,TMP,2012,"569,355,543",0.329,0.84,6.747,0.081,0.007,0.01,,14.881,7.053,0.165,-15.307
1,TMP,2013,"755,896,589",0.328,1.175,6.94,0.115,0.01,0.014,,15.2,7.115,0.085,-7.407
1,TMP,2014,"816,398,213",0.08,1.108,7.867,0.107,0.01,0.014,,15.319,7.19,0.123,-2.841
1,TMP,2015,"836,855,660",0.025,1.379,9.279,0.115,0.011,0.015,,15.317,7.255,0.241,-1.759
1,TMP,2016,"1,423,389,891",0.701,1.81,13.276,0.108,0.01,0.013,,15.311,7.313,0.54,-0.519
1,TMP,2017,"1,236,784,388",-0.131,2.024,22.846,0.091,0.008,0.013,,15.308,7.381,1.302,-0.088
1,TMP,2018,"1,145,996,404",-0.073,1.896,12.701,0.138,0.012,0.014,,15.222,7.442,2.274,0.013
1,TMP,2019,"1,367,031,594",0.193,1.112,7.657,0.125,0.012,0.014,,15.23,7.492,1.551,0.029
2,WASH,2010,"353,619,615",0.415,2.065,19.303,0.091,0.008,0.01,,14.688,6.887,0.183,-28.982
2,WASH,2011,"388,658,522",0.099,2.108,17.029,0.106,0.01,0.013,,14.877,6.972,0.072,-20.251
2,WASH,2012,"430,728,166",0.108,1.337,205.07,0.119,0.012,0.015,,14.881,7.053,0.165,-15.307
2,WASH,2013,"617,866,330",0.434,0.943,3.968,0.115,0.012,0.016,,15.2,7.115,0.085,-7.407
2,WASH,2014,"672,020,424",0.088,1.239,-166.4,0.119,0.012,0.017,,15.319,7.19,0.123,-2.841
2,WASH,2015,"671,901,533",0,1.07,8.586,0.119,0.012,0.016,,15.317,7.255,0.241,-1.759
2,WASH,2016,"959,661,588",0.428,2.23,15.389,0.119,0.011,0.015,,15.311,7.313,0.54,-0.519
2,WASH,2017,"917,011,807",-0.044,1.97,14.381,0.112,0.01,0.015,,15.308,7.381,1.302,-0.088
2,WASH,2018,"822,010,912",-0.104,2.172,12.337,0.16,0.014,0.016,,15.222,7.442,2.274,0.013
2,WASH,2019,"933,294,314",0.135,2.369,16.918,0.141,0.013,0.014,,15.23,7.492,1.551,0.029
3,THFF,2010,"462,148,278",0.153,0.497,3.464,0.087,0.011,0.015,,14.688,6.887,0.183,-28.982
3,THFF,2011,"437,686,246",-0.053,0.71,5.9,0.108,0.014,0.019,,14.877,6.972,0.072,-20.251
3,THFF,2012,"400,302,696",-0.085,0.431,3.683,0.09,0.011,0.016,,14.881,7.053,0.165,-15.307
3,THFF,2013,"486,522,127",0.215,0.305,1.959,0.084,0.011,0.015,,15.2,7.115,0.085,-7.407
3,THFF,2014,"459,704,845",-0.055,0.154,1.159,0.084,0.011,0.016,,15.319,7.19,0.123,-2.841
3,THFF,2015,"431,550,430",-0.061,0.113,1.232,0.074,0.01,0.014,,15.317,7.255,0.241,-1.759
3,THFF,2016,"643,406,914",0.491,0.196,2.127,0.092,0.013,0.02,,15.311,7.313,0.54,-0.519
3,THFF,2017,"554,347,062",-0.138,0.139,1.223,0.068,0.01,0.017,,15.308,7.381,1.302,-0.088
3,THFF,2018,"492,040,057",-0.112,0.157,1.257,0.109,0.016,0.02,,15.222,7.442,2.274,0.013
3,THFF,2019,"626,974,591",0.274,0.199,2.277,0.095,0.014,0.018,,15.23,7.492,1.551,0.029
4,CTBI,2010,"441,644,315",0.192,0.828,4.764,0.099,0.01,0.015,,14.688,6.887,0.183,-28.982
4,CTBI,2011,"453,896,967",0.028,0.854,5.095,0.109,0.011,0.016,,14.877,6.972,0.072,-20.251
4,CTBI,2012,"511,773,357",0.128,0.712,5.311,0.115,0.012,0.018,,14.881,7.053,0.165,-15.307
4,CTBI,2013,"713,678,428",0.395,0.686,3.194,0.111,0.012,0.017,,15.2,7.115,0.085,-7.407
4,CTBI,2014,"638,379,443",-0.106,0.823,6.64,0.099,0.012,0.016,,15.319,7.19,0.123,-2.841
4,CTBI,2015,"612,476,231",-0.041,0.877,7.876,0.1,0.012,0.016,,15.317,7.255,0.241,-1.759
4,CTBI,2016,"873,902,896",0.427,0.636,5.492,0.096,0.012,0.016,,15.311,7.313,0.54,-0.519
4,CTBI,2017,"833,327,724",-0.046,0.587,5.191,0.099,0.013,0.016,,15.308,7.381,1.302,-0.088
4,CTBI,2018,"702,387,415",-0.157,0.521,4.68,0.108,0.014,0.017,,15.222,7.442,2.274,0.013
4,CTBI,2019,"829,387,553",0.181,0.501,3.809,0.108,0.015,0.017,,15.23,7.492,1.551,0.029
5,HFWA,2010,"155,047,906",0.018,0.094,0.924,0.068,0.01,0.019,,14.688,6.887,0.183,-28.982
5,HFWA,2011,"195,724,251",0.262,0.114,1.301,0.032,0.005,0.007,,14.877,6.972,0.072,-20.251
5,HFWA,2012,"222,741,503",0.138,0.081,0.667,0.066,0.01,0.016,,14.881,7.053,0.165,-15.307
5,HFWA,2013,"277,204,714",0.245,0.136,1.115,0.046,0.006,0.01,,15.2,7.115,0.085,-7.407
5,HFWA,2014,"530,988,290",0.916,0.113,1.056,0.053,0.007,0.01,,15.319,7.19,0.123,-2.841
5,HFWA,2015,"564,586,004",0.063,0.091,0.846,0.081,0.011,0.015,,15.317,7.255,0.241,-1.759
5,HFWA,2016,"771,130,692",0.366,0.252,2.534,0.08,0.01,0.015,,15.311,7.313,0.54,-0.519
5,HFWA,2017,"921,816,465",0.195,0.284,2.049,0.083,0.01,0.015,,15.308,7.381,1.302,-0.088
5,HFWA,2018,"1,095,869,216",0.189,0.068,0.771,0.076,0.011,0.014,,15.222,7.442,2.274,0.013
5,HFWA,2019,"1,036,300,182",-0.054,0.05,0.512,0.085,0.012,0.016,,15.23,7.492,1.551,0.029
6,HBNC,2010,"87,818,224",0.654,2.595,12.95,0.078,0.006,0.008,,14.688,6.887,0.183,-28.982
6,HBNC,2011,"86,030,764",-0.02,3.3,20.069,0.096,0.008,0.01,,14.877,6.972,0.072,-20.251
6,HBNC,2012,"170,832,011",0.986,2.378,19.528,0.133,0.011,0.014,,14.881,7.053,0.165,-15.307
6,HBNC,2013,"220,262,613",0.289,1.755,7.105,0.12,0.011,0.014,,15.2,7.115,0.085,-7.407
6,HBNC,2014,"240,769,946",0.093,1.974,33.641,0.097,0.009,0.011,,15.319,7.19,0.123,-2.841
6,HBNC,2015,"333,643,521",0.386,1.807,16.284,0.088,0.008,0.01,,15.317,7.255,0.241,-1.759
6,HBNC,2016,"620,818,884",0.861,0.895,12.619,0.078,0.008,0.01,,15.311,7.313,0.54,-0.519
6,HBNC,2017,"708,411,776",0.141,1.317,12.977,0.085,0.009,0.013,,15.308,7.381,1.302,-0.088
6,HBNC,2018,"605,445,304",-0.145,1.196,8.543,0.112,0.013,0.014,,15.222,7.442,2.274,0.013
6,HBNC,2019,"854,425,649",0.411,0.924,3.57,0.105,0.013,0.015,,15.23,7.492,1.551,0.029
7,GSBC,2010,"317,190,550",0.108,1.633,13.039,0.067,0.006,0.009,,14.688,6.887,0.183,-28.982
7,GSBC,2011,"317,882,634",0.002,1.502,5.872,0.083,0.007,0.01,,14.877,6.972,0.072,-20.251
7,GSBC,2012,"345,889,678",0.088,1.063,3.255,0.136,0.012,0.016,,14.881,7.053,0.165,-15.307
7,GSBC,2013,"415,608,270",0.202,0.913,4.26,0.088,0.009,0.011,,15.2,7.115,0.085,-7.407
7,GSBC,2014,"544,576,709",0.31,1.236,10.445,0.106,0.011,0.014,,15.319,7.19,0.123,-2.841
7,GSBC,2015,"627,748,189",0.153,1.033,7.268,0.107,0.011,0.015,,15.317,7.255,0.241,-1.759
7,GSBC,2016,"761,146,619",0.213,0.981,5.941,0.109,0.01,0.013,,15.311,7.313,0.54,-0.519
7,GSBC,2017,"726,131,597",-0.046,0.698,5.885,0.113,0.012,0.015,,15.308,7.381,1.302,-0.088
7,GSBC,2018,"651,706,549",-0.103,0.757,4.618,0.134,0.015,0.017,,15.222,7.442,2.274,0.013
7,GSBC,2019,"901,507,419",0.383,0.696,5.611,0.127,0.015,0.018,,15.23,7.492,1.551,0.029
8,IBAI,2010,"263,984,164",0.733,1.244,5.94,0.057,0.006,0.01,,14.688,6.887,0.183,-28.982
8,IBAI,2011,"220,057,963",-0.166,1.172,6.501,0.07,0.006,0.01,,14.877,6.972,0.072,-20.251
8,IBAI,2012,"302,267,013",0.374,0.904,6.289,0.081,0.007,0.011,,14.881,7.053,0.165,-15.307
8,IBAI,2013,"443,251,229",0.466,0.689,5.004,0.075,0.008,0.012,,15.2,7.115,0.085,-7.407
8,IBAI,2014,"443,554,219",0.001,0.929,8.153,0.084,0.009,0.013,,15.319,7.19,0.123,-2.841
8,IBAI,2015,"446,917,411",0.008,1.134,12.407,0.082,0.009,0.012,,15.317,7.255,0.241,-1.759
8,IBAI,2016,"866,631,110",0.939,0.767,9.151,0.085,0.009,0.013,,15.311,7.313,0.54,-0.519
8,IBAI,2017,"911,538,724",0.052,0.723,6.477,0.092,0.01,0.015,,15.308,7.381,1.302,-0.088
8,IBAI,2018,"703,262,032",-0.228,0.834,6.97,0.105,0.011,0.014,,15.222,7.442,2.274,0.013
8,IBAI,2019,"877,662,366",0.248,0.872,7.619,0.1,0.011,0.014,,15.23,7.492,1.551,0.029
9,IKFN,2010,"346,204,931",0.613,0.891,5.156,0.084,0.008,0.013,,14.688,6.887,0.183,-28.982
9,IKFN,2011,"419,456,672",0.212,0.688,4.198,0.117,0.011,0.016,,14.877,6.972,0.072,-20.251
9,IKFN,2012,"422,387,022",0.007,0.564,3.519,0.122,0.012,0.018,,14.881,7.053,0.165,-15.307
9,IKFN,2013,"642,147,324",0.52,0.91,5.28,0.124,0.013,0.018,,15.2,7.115,0.085,-7.407
9,IKFN,2014,"719,344,777",0.12,0.53,3.983,0.126,0.013,0.019,,15.319,7.19,0.123,-2.841
9,IKFN,2015,"775,573,537",0.078,0.434,3.605,0.122,0.013,0.019,,15.317,7.255,0.241,-1.759
9,IKFN,2016,"1,187,840,280",0.532,0.611,4.981,0.124,0.013,0.019,,15.311,7.313,0.54,-0.519
9,IKFN,2017,"1,221,700,846",0.029,0.388,2.684,0.126,0.013,0.02,,15.308,7.381,1.302,-0.088
9,IKFN,2018,"1,016,117,557",-0.168,0.53,2.837,0.162,0.017,0.021,,15.222,7.442,2.274,0.013
9,IKFN,2019,"1,253,734,173",0.234,0.284,1.847,0.152,0.018,0.022,,15.23,7.492,1.551,0.029
10,GABC,2010,"204,497,065",0.136,1.265,9.751,0.112,0.01,0.013,,14.688,6.887,0.183,-28.982
10,GABC,2011,"229,076,202",0.12,0.782,5.78,0.125,0.011,0.015,,14.877,6.972,0.072,-20.251
10,GABC,2012,"274,337,631",0.198,0.87,4.195,0.134,0.012,0.017,,14.881,7.053,0.165,-15.307
10,GABC,2013,"374,326,912",0.364,0.704,3.694,0.135,0.012,0.017,,15.2,7.115,0.085,-7.407
10,GABC,2014,"403,181,255",0.077,0.901,6.163,0.13,0.013,0.017,,15.319,7.19,0.123,-2.841
10,GABC,2015,"442,345,591",0.097,1.083,9.217,0.123,0.013,0.017,,15.317,7.255,0.241,-1.759
10,GABC,2016,"802,715,436",0.815,0.782,7.037,0.106,0.012,0.016,,15.311,7.313,0.54,-0.519
10,GABC,2017,"810,117,501",0.009,0.755,6.298,0.114,0.013,0.016,,15.308,7.381,1.302,-0.088
10,GABC,2018,"693,114,374",-0.144,0.821,7.911,0.119,0.014,0.015,,15.222,7.442,2.274,0.013
10,GABC,2019,"949,689,327",0.37,0.609,6.069,0.112,0.014,0.017,,15.23,7.492,1.551,0.029
11,RJF,2010,"3,147,342,092",0.097,1.399,-3.088,0.104,0.015,0.023,,14.688,6.887,0.183,-28.982
11,RJF,2011,"3,286,875,972",0.044,0.348,0.592,0.111,0.017,0.031,,14.877,6.972,0.072,-20.251
11,RJF,2012,"5,058,351,747",0.539,0.538,5.605,0.097,0.015,0.025,,14.881,7.053,0.165,-15.307
11,RJF,2013,"5,827,414,698",0.152,0.448,2.798,0.104,0.016,0.026,,15.2,7.115,0.085,-7.407
11,RJF,2014,"7,569,403,268",0.299,0.515,4.77,0.121,0.021,0.034,,15.319,7.19,0.123,-2.841
11,RJF,2015,"7,146,220,474",-0.056,0.486,2.667,0.114,0.02,0.033,,15.317,7.255,0.241,-1.759
11,RJF,2016,"8,247,435,419",0.154,0.57,-4.032,0.112,0.018,0.028,,15.311,7.313,0.54,-0.519
11,RJF,2017,"12,159,341,151",0.474,0.628,-11.128,0.12,0.019,0.029,,15.308,7.381,1.302,-0.088
11,RJF,2018,"13,429,032,651",0.104,0.451,3.827,0.142,0.023,0.038,,15.222,7.442,2.274,0.013
11,RJF,2019,"11,449,009,942",-0.147,0.488,7.319,0.162,0.027,0.04,,15.23,7.492,1.551,0.029
12,SNV,2010,"2,072,736,907",1.105,0.77,2.586,-0.277,-0.027,-0.027,,14.688,6.887,0.183,-28.982
12,SNV,2011,"1,107,267,335",-0.466,0.594,2.645,-0.042,-0.004,-0.002,,14.877,6.972,0.072,-20.251
12,SNV,2012,"1,927,148,556",0.74,0.54,4.332,0.255,0.029,0.001,,14.881,7.053,0.165,-15.307
12,SNV,2013,"3,500,189,489",0.816,0.74,3.783,0.036,0.005,0.009,,15.2,7.115,0.085,-7.407
12,SNV,2014,"3,699,720,824",0.057,0.745,6.502,0.061,0.007,0.011,,15.319,7.19,0.123,-2.841
12,SNV,2015,"4,228,841,502",0.143,0.788,5.674,0.072,0.008,0.012,,15.317,7.255,0.241,-1.759
12,SNV,2016,"5,024,022,503",0.188,0.793,5.377,0.081,0.008,0.013,,15.311,7.313,0.54,-0.519
12,SNV,2017,"5,729,540,902",0.14,0.631,3.219,0.089,0.009,0.015,,15.308,7.381,1.302,-0.088
12,SNV,2018,"3,722,869,488",-0.35,0.812,5.248,0.134,0.013,0.017,,15.222,7.442,2.274,0.013
12,SNV,2019,"5,744,555,611",0.543,0.824,7.276,0.113,0.011,0.015,,15.23,7.492,1.551,0.029
13,MFG,2010,"25,720,700,165",0.168,11.301,56.138,0.124,0.003,0.003,,14.688,6.887,0.183,-28.982
13,MFG,2011,"35,178,229,292",0.368,9.021,-20.675,0.161,0.004,0.003,,14.877,6.972,0.072,-20.251
13,MFG,2012,"51,342,833,827",0.46,6.844,-27.201,0.172,0.005,0.004,,14.881,7.053,0.165,-15.307
13,MFG,2013,"48,088,080,309",-0.063,6.265,7.222,0.082,0.003,0.004,,15.2,7.115,0.085,-7.407
13,MFG,2014,"43,068,396,207",-0.104,5.171,49.553,0.112,0.004,0.006,,15.319,7.19,0.123,-2.841
13,MFG,2015,"36,194,190,011",-0.16,4.53,-365.473,0.107,0.004,0.006,,15.317,7.255,0.241,-1.759
13,MFG,2016,"46,181,319,837",0.276,4.287,44.814,0.045,0.002,0.002,,15.311,7.313,0.54,-0.519
13,MFG,2017,"46,964,669,698",0.017,3.791,-78.005,0.067,0.003,0.004,,15.308,7.381,1.302,-0.088
13,MFG,2018,"38,846,156,766",-0.173,3.575,61.03,0.01,0,0.001,,15.222,7.442,2.274,0.013
13,MFG,2019,"29,328,336,281",-0.245,4.189,-8.357,0.017,0.001,0.001,,15.23,7.492,1.551,0.029
14,CFR,2010,"3,724,569,310",0.243,0.412,2.078,0.102,0.012,0.018,,14.688,6.887,0.183,-28.982
14,CFR,2011,"3,240,485,860",-0.13,0.414,3.799,0.099,0.011,0.018,,14.877,6.972,0.072,-20.251
14,CFR,2012,"3,335,599,669",0.029,0.325,2.801,0.1,0.011,0.016,,14.881,7.053,0.165,-15.307
14,CFR,2013,"4,502,856,166",0.35,0.355,5.849,0.094,0.01,0.015,,15.2,7.115,0.085,-7.407
14,CFR,2014,"4,454,451,946",-0.011,0.365,6.587,0.098,0.01,0.015,,15.319,7.19,0.123,-2.841
14,CFR,2015,"3,739,203,960",-0.161,0.391,4.513,0.094,0.01,0.013,,15.317,7.255,0.241,-1.759
14,CFR,2016,"5,554,947,918",0.486,0.404,2.739,0.096,0.01,0.013,,15.311,7.313,0.54,-0.519
14,CFR,2017,"5,978,519,073",0.076,0.419,2.719,0.111,0.012,0.015,,15.308,7.381,1.302,-0.088
14,CFR,2018,"5,623,241,164",-0.059,0.476,3.226,0.135,0.014,0.018,,15.222,7.442,2.274,0.013
14,CFR,2019,"6,117,651,559",0.088,0.494,4.434,0.115,0.013,0.016,,15.23,7.492,1.551,0.029
15,WTFC,2010,"1,029,110,623",0.383,1.103,16.947,0.023,0.002,0.007,,14.688,6.887,0.183,-28.982
15,WTFC,2011,"1,007,970,691",-0.021,1.202,11.237,0.049,0.005,0.008,,14.877,6.972,0.072,-20.251
15,WTFC,2012,"1,337,367,084",0.327,0.529,4.915,0.059,0.006,0.011,,14.881,7.053,0.165,-15.307
15,WTFC,2013,"1,841,735,280",0.377,0.485,3.697,0.069,0.007,0.013,,15.2,7.115,0.085,-7.407
15,WTFC,2014,"2,184,398,029",0.186,0.637,7.84,0.072,0.008,0.013,,15.319,7.19,0.123,-2.841
15,WTFC,2015,"2,346,773,972",0.074,0.649,-339.783,0.064,0.007,0.012,,15.317,7.255,0.241,-1.759
15,WTFC,2016,"3,757,035,403",0.601,0.3,2.92,0.074,0.008,0.014,,15.311,7.313,0.54,-0.519
15,WTFC,2017,"4,606,398,020",0.226,0.409,3.558,0.086,0.009,0.015,,15.308,7.381,1.302,-0.088
15,WTFC,2018,"3,749,526,288",-0.186,0.371,3.927,0.106,0.011,0.016,,15.222,7.442,2.274,0.013
15,WTFC,2019,"4,046,428,835",0.079,0.483,9.69,0.099,0.01,0.014,,15.23,7.492,1.551,0.029
16,BOKF,2010,"3,636,066,128",0.13,1.394,10.375,0.101,0.01,0.014,,14.688,6.887,0.183,-28.982
16,BOKF,2011,"3,735,591,003",0.027,1.007,7.031,0.107,0.012,0.017,,14.877,6.972,0.072,-20.251
16,BOKF,2012,"3,715,008,179",-0.006,1.032,4.574,0.121,0.013,0.019,,14.881,7.053,0.165,-15.307
16,BOKF,2013,"4,561,992,571",0.228,1.016,4.074,0.106,0.012,0.016,,15.2,7.115,0.085,-7.407
16,BOKF,2014,"4,163,023,380",-0.087,1.128,-52.723,0.091,0.01,0.015,,15.319,7.19,0.123,-2.841
16,BOKF,2015,"4,048,562,123",-0.027,1.943,27.743,0.087,0.009,0.013,,15.317,7.255,0.241,-1.759
16,BOKF,2016,"5,473,204,100",0.352,1.746,-61.59,0.07,0.007,0.009,,15.311,7.313,0.54,-0.519
16,BOKF,2017,"6,042,970,484",0.104,1.675,24.581,0.097,0.01,0.015,,15.308,7.381,1.302,-0.088
16,BOKF,2018,"4,798,294,139",-0.206,1.674,-12.215,0.118,0.013,0.014,,15.222,7.442,2.274,0.013
16,BOKF,2019,"6,192,990,074",0.291,1.775,-10.834,0.106,0.012,0.013,,15.23,7.492,1.551,0.029
17,FNB,2010,"1,125,779,667",0.455,1.078,7.514,0.07,0.008,0.011,,14.688,6.887,0.183,-28.982
17,FNB,2011,"1,437,899,350",0.277,0.945,4.197,0.073,0.009,0.012,,14.877,6.972,0.072,-20.251
17,FNB,2012,"1,484,623,187",0.032,0.982,2.591,0.08,0.009,0.013,,14.881,7.053,0.165,-15.307
17,FNB,2013,"2,004,907,105",0.35,0.823,4.409,0.077,0.009,0.012,,15.2,7.115,0.085,-7.407
17,FNB,2014,"2,311,532,967",0.153,1.278,6.055,0.069,0.009,0.013,,15.319,7.19,0.123,-2.841
17,FNB,2015,"2,339,531,861",0.012,1.283,12.586,0.073,0.009,0.013,,15.317,7.255,0.241,-1.759
17,FNB,2016,"3,373,592,849",0.442,1.183,13.058,0.064,0.008,0.011,,15.311,7.313,0.54,-0.519
17,FNB,2017,"4,468,145,665",0.324,0.986,19.581,0.043,0.006,0.011,,15.308,7.381,1.302,-0.088
17,FNB,2018,"3,191,073,673",-0.286,1.032,8.257,0.081,0.011,0.013,,15.222,7.442,2.274,0.013
17,FNB,2019,"4,126,545,836",0.293,0.933,21.39,0.079,0.011,0.013,,15.23,7.492,1.551,0.029
18,PB,2010,"1,832,941,652",-0.024,0.363,2.648,0.09,0.014,0.022,,14.688,6.887,0.183,-28.982
18,PB,2011,"1,892,130,290",0.032,0.097,0.686,0.093,0.015,0.024,,14.877,6.972,0.072,-20.251
18,PB,2012,"2,370,068,064",0.253,0.381,3.717,0.091,0.013,0.021,,14.881,7.053,0.165,-15.307
18,PB,2013,"4,180,796,105",0.764,0.179,1.687,0.092,0.013,0.021,,15.2,7.115,0.085,-7.407
18,PB,2014,"3,862,440,738",-0.076,0.152,1.348,0.096,0.014,0.023,,15.319,7.19,0.123,-2.841
18,PB,2015,"3,351,640,107",-0.132,0.233,2.565,0.085,0.013,0.021,,15.317,7.255,0.241,-1.759
18,PB,2016,"4,987,549,174",0.488,0.36,3.823,0.077,0.013,0.02,,15.311,7.313,0.54,-0.519
18,PB,2017,"4,868,744,721",-0.024,0.217,2.129,0.072,0.012,0.019,,15.308,7.381,1.302,-0.088
18,PB,2018,"4,350,999,978",-0.106,0.325,4.137,0.081,0.014,0.018,,15.222,7.442,2.274,0.013
18,PB,2019,"4,917,015,614",0.13,0.303,4.636,0.073,0.013,0.018,,15.23,7.492,1.551,0.029
19,HWC,2010,"1,285,960,893",-0.203,0.438,2.143,0.061,0.006,0.008,,14.688,6.887,0.183,-28.982
19,HWC,2011,"2,707,969,233",1.106,0.591,6.678,0.037,0.005,0.006,,14.877,6.972,0.072,-20.251
19,HWC,2012,"2,690,139,682",-0.007,0.422,2.549,0.063,0.008,0.011,,14.881,7.053,0.165,-15.307
19,HWC,2013,"3,011,753,205",0.12,0.43,2.355,0.068,0.009,0.012,,15.2,7.115,0.085,-7.407
19,HWC,2014,"2,504,163,265",-0.169,0.617,4.433,0.071,0.009,0.012,,15.319,7.19,0.123,-2.841
19,HWC,2015,"1,948,107,459",-0.222,0.793,8.461,0.054,0.006,0.008,,15.317,7.255,0.241,-1.759
19,HWC,2016,"3,343,441,727",0.716,0.611,5.004,0.059,0.006,0.008,,15.311,7.313,0.54,-0.519
19,HWC,2017,"4,216,449,600",0.261,0.697,5.142,0.076,0.008,0.011,,15.308,7.381,1.302,-0.088
19,HWC,2018,"2,951,015,899",-0.3,0.589,4.552,0.109,0.012,0.013,,15.222,7.442,2.274,0.013
19,HWC,2019,"3,826,959,974",0.297,0.887,9.947,0.097,0.011,0.013,,15.23,7.492,1.551,0.029
20,WAFD,2010,"1,718,602,109",0.158,1.469,11.373,0.066,0.009,0.008,,14.688,6.887,0.183,-28.982
20,WAFD,2011,"1,405,040,022",-0.182,1.469,11.155,0.06,0.008,0.012,,14.877,6.972,0.072,-20.251
20,WAFD,2012,"1,774,194,022",0.263,1.011,13.432,0.072,0.01,0.015,,14.881,7.053,0.165,-15.307
20,WAFD,2013,"2,140,432,114",0.206,1.018,12.962,0.079,0.012,0.017,,15.2,7.115,0.085,-7.407
20,WAFD,2014,"2,026,077,493",-0.053,0.993,16.068,0.08,0.011,0.016,,15.319,7.19,0.123,-2.841
20,WAFD,2015,"2,138,093,867",0.055,0.961,18.285,0.082,0.011,0.016,,15.317,7.255,0.241,-1.759
20,WAFD,2016,"2,414,257,832",0.129,1.074,10.907,0.083,0.011,0.015,,15.311,7.313,0.54,-0.519
20,WAFD,2017,"2,975,533,890",0.232,1.138,13.465,0.086,0.012,0.015,,15.308,7.381,1.302,-0.088
20,WAFD,2018,"2,673,201,440",-0.102,1.196,14.595,0.102,0.013,0.015,,15.222,7.442,2.274,0.013
20,WAFD,2019,"2,937,056,306",0.099,1.135,10.779,0.105,0.013,0.014,,15.23,7.492,1.551,0.029
21,CMA,2010,"7,455,006,705",0.668,1.082,4.874,0.026,0.003,0.006,,14.688,6.887,0.183,-28.982
21,CMA,2011,"5,126,006,359",-0.312,0.73,7.428,0.06,0.007,0.009,,14.877,6.972,0.072,-20.251
21,CMA,2012,"5,775,040,237",0.127,0.696,7.828,0.073,0.008,0.012,,14.881,7.053,0.165,-15.307
21,CMA,2013,"8,695,574,155",0.506,0.531,5.172,0.076,0.008,0.013,,15.2,7.115,0.085,-7.407
21,CMA,2014,"8,416,519,314",-0.032,0.377,4.905,0.079,0.009,0.013,,15.319,7.19,0.123,-2.841
21,CMA,2015,"7,392,817,311",-0.122,0.408,4.13,0.068,0.007,0.011,,15.317,7.255,0.241,-1.759
21,CMA,2016,"11,732,831,636",0.587,0.665,13.261,0.061,0.007,0.009,,15.311,7.313,0.54,-0.519
21,CMA,2017,"15,097,564,449",0.287,0.582,4.559,0.093,0.01,0.017,,15.308,7.381,1.302,-0.088
21,CMA,2018,"11,107,057,189",-0.264,0.867,4.264,0.156,0.017,0.021,,15.222,7.442,2.274,0.013
21,CMA,2019,"10,343,073,464",-0.069,1.002,7.311,0.163,0.017,0.02,,15.23,7.492,1.551,0.029
22,FHN,2010,"2,742,871,492",-0.064,2.318,7.614,-0.02,-0.002,0.001,,14.688,6.887,0.183,-28.982
22,FHN,2011,"2,108,952,320",-0.231,1.901,530.212,0.055,0.005,0.005,,14.877,6.972,0.072,-20.251
22,FHN,2012,"2,449,097,672",0.161,2.066,12.811,-0.012,-0.001,-0.004,,14.881,7.053,0.165,-15.307
22,FHN,2013,"2,753,222,248",0.124,1.545,8.415,0.009,0.001,0,,15.2,7.115,0.085,-7.407
22,FHN,2014,"3,194,675,499",0.16,1.591,5.373,0.094,0.009,0.012,,15.319,7.19,0.123,-2.841
22,FHN,2015,"3,401,127,614",0.065,0.961,6.112,0.035,0.003,0.004,,15.317,7.255,0.241,-1.759
22,FHN,2016,"4,667,024,186",0.372,0.826,15.455,0.092,0.008,0.012,,15.311,7.313,0.54,-0.519
22,FHN,2017,"4,682,267,995",0.003,1.144,-62.487,0.054,0.005,0.009,,15.308,7.381,1.302,-0.088
22,FHN,2018,"4,263,087,459",-0.09,0.513,10.671,0.123,0.013,0.017,,15.222,7.442,2.274,0.013
22,FHN,2019,"5,153,135,948",0.209,0.901,5.38,0.093,0.01,0.013,,15.23,7.492,1.551,0.029
23,FULT,2010,"2,057,153,340",0.338,0.954,6.884,0.056,0.007,0.01,,14.688,6.887,0.183,-28.982
23,FULT,2011,"1,962,127,530",-0.046,0.822,4.734,0.074,0.009,0.012,,14.877,6.972,0.072,-20.251
23,FULT,2012,"1,913,437,490",-0.025,0.847,6.872,0.078,0.01,0.013,,14.881,7.053,0.165,-15.307
23,FULT,2013,"2,518,208,250",0.316,1.038,7.722,0.079,0.01,0.012,,15.2,7.115,0.085,-7.407
23,FULT,2014,"2,289,875,400",-0.091,0.736,7.892,0.077,0.009,0.012,,15.319,7.19,0.123,-2.841
23,FULT,2015,"2,264,143,310",-0.011,0.709,9.62,0.074,0.008,0.011,,15.317,7.255,0.241,-1.759
23,FULT,2016,"3,257,494,800",0.439,0.693,7.126,0.077,0.009,0.011,,15.311,7.313,0.54,-0.519
23,FULT,2017,"3,134,683,800",-0.038,0.743,6.502,0.078,0.009,0.012,,15.308,7.381,1.302,-0.088
23,FULT,2018,"2,725,966,080",-0.13,0.777,6.8,0.092,0.01,0.011,,15.222,7.442,2.274,0.013
23,FULT,2019,"2,860,646,460",0.049,0.754,18.778,0.098,0.011,0.012,,15.23,7.492,1.551,0.029
24,WBS,2010,"1,546,600,193",0.831,1.38,7.657,0.026,0.003,0.004,,14.688,6.887,0.183,-28.982
24,WBS,2011,"1,784,196,059",0.154,1.609,12.316,0.081,0.008,0.011,,14.877,6.972,0.072,-20.251
24,WBS,2012,"1,806,807,827",0.013,1.547,13.693,0.087,0.009,0.011,,14.881,7.053,0.165,-15.307
24,WBS,2013,"2,816,908,241",0.559,1.635,8.148,0.078,0.008,0.011,,15.2,7.115,0.085,-7.407
24,WBS,2014,"2,935,700,656",0.042,1.867,20.028,0.082,0.009,0.012,,15.319,7.19,0.123,-2.841
24,WBS,2015,"3,409,518,246",0.161,1.674,15.116,0.082,0.008,0.011,,15.317,7.255,0.241,-1.759
24,WBS,2016,"4,978,907,689",0.46,1.59,11.193,0.08,0.008,0.011,,15.311,7.313,0.54,-0.519
24,WBS,2017,"5,170,920,206",0.039,0.942,6.065,0.094,0.009,0.013,,15.308,7.381,1.302,-0.088
24,WBS,2018,"4,546,343,345",-0.121,0.913,6.029,0.126,0.013,0.015,,15.222,7.442,2.274,0.013
24,WBS,2019,"4,910,822,931",0.08,1.155,13.316,0.121,0.013,0.015,,15.23,7.492,1.551,0.029
25,TCBI,2010,"785,243,904",0.571,0.778,-1.009,0.072,0.006,0.009,,14.688,6.887,0.183,-28.982
25,TCBI,2011,"1,146,760,612",0.46,3.053,25.928,0.131,0.011,0.015,,14.877,6.972,0.072,-20.251
25,TCBI,2012,"1,819,133,184",0.586,2.597,25.329,0.163,0.013,0.017,,14.881,7.053,0.165,-15.307
25,TCBI,2013,"2,549,096,759",0.401,1.14,6.672,0.108,0.01,0.016,,15.2,7.115,0.085,-7.407
25,TCBI,2014,"2,346,374,593",-0.08,1.073,11.212,0.096,0.009,0.015,,15.319,7.19,0.123,-2.841
25,TCBI,2015,"2,265,628,321",-0.034,1.255,31.876,0.086,0.007,0.012,,15.317,7.255,0.241,-1.759
25,TCBI,2016,"3,607,440,290",0.592,1.246,-3.437,0.082,0.007,0.012,,15.311,7.313,0.54,-0.519
25,TCBI,2017,"4,411,799,850",0.223,1.616,29.691,0.088,0.008,0.014,,15.308,7.381,1.302,-0.088
25,TCBI,2018,"2,563,777,178",-0.419,1.974,-7.182,0.119,0.011,0.013,,15.222,7.442,2.274,0.013
25,TCBI,2019,"2,856,697,794",0.114,1.049,-11.436,0.112,0.01,0.013,,15.23,7.492,1.551,0.029
26,VLY,2010,"2,306,385,052",0.104,2.563,12.338,0.102,0.009,0.011,,14.688,6.887,0.183,-28.982
26,VLY,2011,"2,105,439,858",-0.087,2.495,17.411,0.102,0.009,0.012,,14.877,6.972,0.072,-20.251
26,VLY,2012,"1,837,861,610",-0.127,2.026,9.82,0.096,0.009,0.012,,14.881,7.053,0.165,-15.307
26,VLY,2013,"2,020,221,647",0.099,2.025,10.812,0.087,0.008,0.01,,15.2,7.115,0.085,-7.407
26,VLY,2014,"2,247,790,796",0.113,1.459,13.224,0.071,0.007,0.008,,15.319,7.19,0.123,-2.841
26,VLY,2015,"2,293,743,496",0.02,1.327,20.236,0.049,0.005,0.006,,15.317,7.255,0.241,-1.759
26,VLY,2016,"2,962,725,883",0.292,1.075,6.101,0.071,0.007,0.01,,15.311,7.313,0.54,-0.519
26,VLY,2017,"2,966,233,453",0.001,1.226,5.088,0.062,0.006,0.01,,15.308,7.381,1.302,-0.088
26,VLY,2018,"2,943,645,586",-0.008,1.144,13.43,0.076,0.008,0.01,,15.222,7.442,2.274,0.013
26,VLY,2019,"3,799,116,881",0.291,0.817,10.303,0.08,0.009,0.012,,15.23,7.492,1.551,0.029
27,FCNCA,2010,"1,972,633,340",0.153,0.783,54.715,0.113,0.009,0.014,,14.688,6.887,0.183,-28.982
27,FCNCA,2011,"1,804,015,832",-0.085,0.7,5.034,0.106,0.009,0.015,,14.877,6.972,0.072,-20.251
27,FCNCA,2012,"1,675,704,796",-0.071,0.544,9.016,0.069,0.006,0.009,,14.881,7.053,0.165,-15.307
27,FCNCA,2013,"2,141,464,835",0.278,0.493,3.858,0.084,0.008,0.013,,15.2,7.115,0.085,-7.407
27,FCNCA,2014,"2,431,572,095",0.135,0.498,13.448,0.061,0.006,0.009,,15.319,7.19,0.123,-2.841
27,FCNCA,2015,"3,100,726,259",0.275,0.452,9.063,0.075,0.007,0.011,,15.317,7.255,0.241,-1.759
27,FCNCA,2016,"4,263,693,775",0.375,0.477,9.662,0.075,0.007,0.011,,15.311,7.313,0.54,-0.519
27,FCNCA,2017,"4,840,193,215",0.135,0.469,5.718,0.1,0.009,0.016,,15.308,7.381,1.302,-0.088
27,FCNCA,2018,"4,453,113,205",-0.08,0.256,2.832,0.116,0.011,0.015,,15.222,7.442,2.274,0.013
27,FCNCA,2019,"5,714,820,420",0.283,0.37,2.902,0.128,0.012,0.016,,15.23,7.492,1.551,0.029
28,EWBC,2010,"2,893,495,580",0.996,1.262,3.427,0.053,0.006,0.012,,14.688,6.887,0.183,-28.982
28,EWBC,2011,"2,943,770,324",0.017,0.816,7.426,0.106,0.011,0.017,,14.877,6.972,0.072,-20.251
28,EWBC,2012,"3,015,415,038",0.024,0.627,5.044,0.118,0.013,0.02,,14.881,7.053,0.165,-15.307
28,EWBC,2013,"4,817,732,378",0.598,0.65,4.551,0.125,0.012,0.019,,15.2,7.115,0.085,-7.407
28,EWBC,2014,"5,556,934,501",0.153,0.469,3.406,0.126,0.012,0.016,,15.319,7.19,0.123,-2.841
28,EWBC,2015,"5,980,522,194",0.076,0.392,2.606,0.127,0.012,0.02,,15.317,7.255,0.241,-1.759
28,EWBC,2016,"7,327,864,049",0.225,0.268,1.421,0.13,0.013,0.018,,15.311,7.313,0.54,-0.519
28,EWBC,2017,"8,792,545,276",0.2,0.142,0.674,0.136,0.014,0.022,,15.308,7.381,1.302,-0.088
28,EWBC,2018,"6,310,081,289",-0.282,0.131,0.667,0.168,0.018,0.023,,15.222,7.442,2.274,0.013
28,EWBC,2019,"7,091,956,250",0.124,0.206,1.43,0.14,0.016,0.021,,15.23,7.492,1.551,0.029
29,ABCB,2010,"249,008,185",1.541,0.563,3.707,-0.028,-0.003,-0.003,,14.688,6.887,0.183,-28.982
29,ABCB,2011,"244,168,442",-0.019,0.34,2.83,0.063,0.006,0.012,,14.877,6.972,0.072,-20.251
29,ABCB,2012,"297,501,109",0.218,0.331,-5.668,0.037,0.004,0.008,,14.881,7.053,0.165,-15.307
29,ABCB,2013,"504,645,295",0.696,1.053,18.198,0.062,0.006,0.01,,15.2,7.115,0.085,-7.407
29,ABCB,2014,"722,037,733",0.431,0.594,-21.553,0.113,0.01,0.014,,15.319,7.19,0.123,-2.841
29,ABCB,2015,"1,094,346,017",0.516,0.335,-4.592,0.082,0.008,0.012,,15.317,7.255,0.241,-1.759
29,ABCB,2016,"1,522,510,866",0.391,0.975,-7.832,0.115,0.011,0.016,,15.311,7.313,0.54,-0.519
29,ABCB,2017,"1,794,536,562",0.179,0.456,-5.531,0.093,0.01,0.016,,15.308,7.381,1.302,-0.088
29,ABCB,2018,"1,504,353,915",-0.162,0.179,-2.211,0.095,0.012,0.015,,15.222,7.442,2.274,0.013
29,ABCB,2019,"2,963,376,941",0.97,0.626,-1.635,0.082,0.011,0.015,,15.23,7.492,1.551,0.029
30,HTLF,2010,"286,205,909",0.222,1.818,7.249,0.057,0.005,0.007,,14.688,6.887,0.183,-28.982
30,HTLF,2011,"252,497,750",-0.118,1.836,12.42,0.059,0.005,0.008,,14.877,6.972,0.072,-20.251
30,HTLF,2012,"431,739,037",0.71,1.527,20.893,0.121,0.01,0.013,,14.881,7.053,0.165,-15.307
30,HTLF,2013,"528,569,544",0.224,1.727,6.059,0.087,0.007,0.008,,15.2,7.115,0.085,-7.407
30,HTLF,2014,"500,804,450",-0.053,1.463,9.791,0.086,0.007,0.009,,15.319,7.19,0.123,-2.841
30,HTLF,2015,"647,186,387",0.292,0.84,5.85,0.099,0.009,0.011,,15.317,7.255,0.241,-1.759
30,HTLF,2016,"1,251,001,968",0.933,0.803,4.276,0.114,0.01,0.014,,15.311,7.313,0.54,-0.519
30,HTLF,2017,"1,606,767,606",0.284,0.615,3.993,0.085,0.008,0.013,,15.308,7.381,1.302,-0.088
30,HTLF,2018,"1,515,103,820",-0.057,0.379,2.154,0.095,0.011,0.014,,15.222,7.442,2.274,0.013
30,HTLF,2019,"1,825,380,654",0.205,0.29,3.18,0.099,0.012,0.016,,15.23,7.492,1.551,0.029
31,BANR,2010,"259,979,970",3.73,0.524,2.383,-0.14,-0.015,-0.01,,14.688,6.887,0.183,-28.982
31,BANR,2011,"295,200,034",0.135,0.399,2.176,-0.005,-0.001,0.001,,14.877,6.972,0.072,-20.251
31,BANR,2012,"597,851,074",1.025,0.316,2.111,0.107,0.014,0.01,,14.881,7.053,0.165,-15.307
31,BANR,2013,"875,951,727",0.465,0.342,2.114,0.088,0.011,0.016,,15.2,7.115,0.085,-7.407
31,BANR,2014,"841,975,093",-0.039,0.322,2.034,0.095,0.012,0.017,,15.319,7.19,0.123,-2.841
31,BANR,2015,"1,505,268,421",0.788,0.249,78.211,0.055,0.007,0.011,,15.317,7.255,0.241,-1.759
31,BANR,2016,"1,870,360,642",0.243,0.195,-2.771,0.064,0.009,0.013,,15.311,7.313,0.54,-0.519
31,BANR,2017,"1,813,806,390",-0.03,0.153,0.582,0.046,0.006,0.015,,15.308,7.381,1.302,-0.088
31,BANR,2018,"1,732,737,133",-0.045,0.523,100.674,0.104,0.013,0.015,,15.222,7.442,2.274,0.013
31,BANR,2019,"1,933,870,103",0.116,0.431,5.506,0.095,0.012,0.015,,15.23,7.492,1.551,0.029
32,WSFS,2010,"403,089,900",1.222,2.033,13.293,0.033,0.003,0.005,,14.688,6.887,0.183,-28.982
32,WSFS,2011,"309,719,021",-0.232,1.845,10.852,0.052,0.005,0.008,,14.877,6.972,0.072,-20.251
32,WSFS,2012,"369,075,720",0.192,1.514,6.714,0.07,0.007,0.011,,14.881,7.053,0.165,-15.307
32,WSFS,2013,"686,169,031",0.859,2.36,16.579,0.115,0.01,0.015,,15.2,7.115,0.085,-7.407
32,WSFS,2014,"722,663,121",0.053,1.365,10.58,0.119,0.011,0.014,,15.319,7.19,0.123,-2.841
32,WSFS,2015,"966,050,037",0.337,1.607,14.176,0.102,0.01,0.015,,15.317,7.255,0.241,-1.759
32,WSFS,2016,"1,451,887,423",0.503,1.844,18.027,0.099,0.01,0.015,,15.311,7.313,0.54,-0.519
32,WSFS,2017,"1,502,005,854",0.035,1.295,7.659,0.069,0.007,0.016,,15.308,7.381,1.302,-0.088
32,WSFS,2018,"1,189,215,774",-0.208,0.852,5.372,0.172,0.019,0.024,,15.222,7.442,2.274,0.013
32,WSFS,2019,"2,294,022,809",0.929,0.264,6.46,0.081,0.012,0.017,,15.23,7.492,1.551,0.029
33,COLB,2010,"828,402,787",0.822,0.242,1.988,0.038,0.006,0.007,,14.688,6.887,0.183,-28.982
33,COLB,2011,"761,209,572",-0.081,0.19,2.019,0.065,0.011,0.016,,14.877,6.972,0.072,-20.251
33,COLB,2012,"712,000,567",-0.065,0.041,0.269,0.061,0.01,0.015,,14.881,7.053,0.165,-15.307
33,COLB,2013,"1,409,402,816",0.98,0.058,0.926,0.062,0.009,0.014,,15.2,7.115,0.085,-7.407
33,COLB,2014,"1,469,675,303",0.043,0.269,2.578,0.073,0.011,0.016,,15.319,7.19,0.123,-2.841
33,COLB,2015,"1,876,820,180",0.277,0.135,1.183,0.079,0.011,0.017,,15.317,7.255,0.241,-1.759
33,COLB,2016,"2,593,325,809",0.382,0.07,0.578,0.083,0.011,0.017,,15.311,7.313,0.54,-0.519
33,COLB,2017,"2,535,730,288",-0.022,0.069,1.001,0.077,0.011,0.018,,15.308,7.381,1.302,-0.088
33,COLB,2018,"2,658,524,655",0.048,0.244,2.051,0.087,0.014,0.018,,15.222,7.442,2.274,0.013
33,COLB,2019,"2,934,863,006",0.104,0.488,5.139,0.091,0.014,0.018,,15.23,7.492,1.551,0.029
34,UCBI,2010,"184,266,674",-0.421,0.654,2.633,-0.692,-0.069,-0.06,,14.688,6.887,0.183,-28.982
34,UCBI,2011,"402,105,377",1.182,0.458,1.812,-0.407,-0.033,-0.033,,14.877,6.972,0.072,-20.251
34,UCBI,2012,"544,882,077",0.355,0.374,1.208,0.037,0.003,0.005,,14.881,7.053,0.165,-15.307
34,UCBI,2013,"1,054,691,616",0.936,0.381,1.618,0.34,0.036,0.005,,15.2,7.115,0.085,-7.407
34,UCBI,2014,"1,141,188,581",0.082,0.549,4.17,0.093,0.009,0.014,,15.319,7.19,0.123,-2.841
34,UCBI,2015,"1,393,132,921",0.221,0.6,5.631,0.079,0.008,0.013,,15.317,7.255,0.241,-1.759
34,UCBI,2016,"2,098,983,683",0.507,0.827,6.968,0.095,0.01,0.015,,15.311,7.313,0.54,-0.519
34,UCBI,2017,"2,065,637,270",-0.016,0.518,3.574,0.057,0.006,0.015,,15.308,7.381,1.302,-0.088
34,UCBI,2018,"1,699,790,117",-0.177,0.293,1.65,0.118,0.013,0.017,,15.222,7.442,2.274,0.013
34,UCBI,2019,"2,438,961,968",0.435,0.13,1.524,0.117,0.014,0.019,,15.23,7.492,1.551,0.029
35,SIVB,2010,"2,227,703,133",0.61,0.978,9.154,0.077,0.006,0.012,,14.688,6.887,0.183,-28.982
35,SIVB,2011,"2,067,015,700",-0.072,0.385,4.454,0.117,0.009,0.016,,14.877,6.972,0.072,-20.251
35,SIVB,2012,"2,491,623,934",0.205,0.341,3.855,0.1,0.008,0.013,,14.881,7.053,0.165,-15.307
35,SIVB,2013,"4,788,587,303",0.922,0.234,3.247,0.112,0.009,0.016,,15.2,7.115,0.085,-7.407
35,SIVB,2014,"5,902,075,697",0.233,0.163,2.157,0.102,0.008,0.014,,15.319,7.19,0.123,-2.841
35,SIVB,2015,"6,122,542,788",0.037,0.491,5.509,0.111,0.008,0.014,,15.317,7.255,0.241,-1.759
35,SIVB,2016,"8,941,505,215",0.46,0.359,3.127,0.108,0.009,0.015,,15.311,7.313,0.54,-0.519
35,SIVB,2017,"12,329,200,218",0.379,0.414,2.901,0.123,0.01,0.018,,15.308,7.381,1.302,-0.088
35,SIVB,2018,"10,113,402,192",-0.18,0.26,1.496,0.204,0.017,0.024,,15.222,7.442,2.274,0.013
35,SIVB,2019,"12,945,633,230",0.28,0.09,0.532,0.196,0.017,0.026,,15.23,7.492,1.551,0.029
36,UBSI,2010,"1,273,293,944",0.468,0.731,5.942,0.092,0.01,0.014,,14.688,6.887,0.183,-28.982
36,UBSI,2011,"1,419,314,885",0.115,0.619,5.427,0.085,0.01,0.015,,14.877,6.972,0.072,-20.251
36,UBSI,2012,"1,223,700,753",-0.138,0.605,4.743,0.084,0.01,0.015,,14.881,7.053,0.165,-15.307
36,UBSI,2013,"1,585,541,560",0.296,0.966,7.378,0.084,0.01,0.015,,15.2,7.115,0.085,-7.407
36,UBSI,2014,"2,591,705,679",0.635,0.93,9.934,0.079,0.011,0.016,,15.319,7.19,0.123,-2.841
36,UBSI,2015,"2,573,512,150",-0.007,0.84,8.435,0.081,0.011,0.017,,15.317,7.255,0.241,-1.759
36,UBSI,2016,"3,536,037,182",0.374,0.618,8.423,0.073,0.011,0.016,,15.311,7.313,0.54,-0.519
36,UBSI,2017,"3,648,486,699",0.032,0.568,7.686,0.05,0.008,0.017,,15.308,7.381,1.302,-0.088
36,UBSI,2018,"3,210,052,778",-0.12,0.569,6.238,0.079,0.013,0.018,,15.222,7.442,2.274,0.013
36,UBSI,2019,"3,925,774,275",0.223,0.676,16.113,0.078,0.013,0.017,,15.23,7.492,1.551,0.029
37,UMPQ,2010,"1,395,006,374",0.199,0.317,3.414,0.01,0.001,0.003,,14.688,6.887,0.183,-28.982
37,UMPQ,2011,"1,419,139,511",0.017,0.338,3.789,0.044,0.006,0.01,,14.877,6.972,0.072,-20.251
37,UMPQ,2012,"1,319,607,186",-0.07,0.34,153.317,0.059,0.009,0.014,,14.881,7.053,0.165,-15.307
37,UMPQ,2013,"2,142,324,926",0.623,0.385,1.735,0.056,0.008,0.014,,15.2,7.115,0.085,-7.407
37,UMPQ,2014,"3,695,658,582",0.725,0.442,5.605,0.045,0.007,0.013,,15.319,7.19,0.123,-2.841
37,UMPQ,2015,"3,501,450,745",-0.053,0.403,5.042,0.058,0.01,0.016,,15.317,7.255,0.241,-1.759
37,UMPQ,2016,"4,135,512,043",0.181,0.4,4.076,0.059,0.009,0.016,,15.311,7.313,0.54,-0.519
37,UMPQ,2017,"4,580,820,421",0.108,0.371,2.884,0.061,0.01,0.014,,15.308,7.381,1.302,-0.088
37,UMPQ,2018,"3,501,816,938",-0.236,0.355,2.899,0.079,0.012,0.017,,15.222,7.442,2.274,0.013
37,UMPQ,2019,"3,897,832,740",0.113,0.394,-18.256,0.084,0.013,0.017,,15.23,7.492,1.551,0.029
38,WAL,2010,"599,952,152",1.19,0.374,130.898,-0.029,-0.003,-0.002,,14.688,6.887,0.183,-28.982
38,WAL,2011,"512,975,378",-0.145,0.807,3.58,0.025,0.002,0.007,,14.877,6.972,0.072,-20.251
38,WAL,2012,"910,023,302",0.774,0.407,2.033,0.099,0.009,0.013,,14.881,7.053,0.165,-15.307
38,WAL,2013,"2,080,562,628",1.286,0.531,3.107,0.139,0.013,0.017,,15.2,7.115,0.085,-7.407
38,WAL,2014,"2,448,671,288",0.177,0.485,3.164,0.152,0.014,0.019,,15.319,7.19,0.123,-2.841
38,WAL,2015,"3,668,738,953",0.498,0.25,1.902,0.135,0.015,0.02,,15.317,7.255,0.241,-1.759
38,WAL,2016,"5,117,954,488",0.395,0.259,1.813,0.144,0.016,0.022,,15.311,7.313,0.54,-0.519
38,WAL,2017,"5,972,848,273",0.167,0.356,2.115,0.155,0.017,0.024,,15.308,7.381,1.302,-0.088
38,WAL,2018,"4,180,364,328",-0.3,0.334,1.621,0.178,0.02,0.024,,15.222,7.442,2.274,0.013
38,WAL,2019,"5,850,330,888",0.399,0.162,0.714,0.173,0.02,0.024,,15.23,7.492,1.551,0.029
39,WSBC,2010,"504,088,629",0.538,0.901,5.396,0.059,0.007,0.007,,14.688,6.887,0.183,-28.982
39,WSBC,2011,"518,473,639",0.029,0.743,4.437,0.07,0.008,0.01,,14.877,6.972,0.072,-20.251
39,WSBC,2012,"592,507,832",0.143,0.515,5.194,0.074,0.009,0.011,,14.881,7.053,0.165,-15.307
39,WSBC,2013,"939,201,952",0.585,0.397,2.886,0.087,0.01,0.014,,15.2,7.115,0.085,-7.407
39,WSBC,2014,"1,019,071,890",0.085,0.52,4.689,0.09,0.011,0.015,,15.319,7.19,0.123,-2.841
39,WSBC,2015,"1,156,130,600",0.134,1.096,15.598,0.073,0.01,0.012,,15.317,7.255,0.241,-1.759
39,WSBC,2016,"1,888,649,622",0.634,0.993,11.006,0.069,0.009,0.012,,15.311,7.313,0.54,-0.519
39,WSBC,2017,"1,789,952,304",-0.052,0.93,9.536,0.068,0.01,0.014,,15.308,7.381,1.302,-0.088
39,WSBC,2018,"2,003,207,444",0.119,0.775,8.196,0.084,0.012,0.014,,15.222,7.442,2.274,0.013
39,WSBC,2019,"2,066,781,393",0.032,0.732,12.555,0.072,0.012,0.014,,15.23,7.492,1.551,0.029
40,SASR,2010,"442,523,264",2.022,1.318,10.132,0.038,0.005,0.008,,14.688,6.887,0.183,-28.982
40,SASR,2011,"422,667,882",-0.045,1.309,9.167,0.079,0.009,0.013,,14.877,6.972,0.072,-20.251
40,SASR,2012,"483,579,284",0.144,1.09,10.886,0.077,0.01,0.013,,14.881,7.053,0.165,-15.307
40,SASR,2013,"704,381,810",0.457,1.409,7.506,0.09,0.011,0.015,,15.2,7.115,0.085,-7.407
40,SASR,2014,"653,066,411",-0.073,1.465,16.95,0.074,0.009,0.012,,15.319,7.19,0.123,-2.841
40,SASR,2015,"656,788,251",0.006,1.581,19.46,0.087,0.01,0.013,,15.317,7.255,0.241,-1.759
40,SASR,2016,"955,346,104",0.455,1.771,11.158,0.091,0.01,0.013,,15.311,7.313,0.54,-0.519
40,SASR,2017,"936,228,789",-0.02,1.57,14.283,0.096,0.01,0.015,,15.308,7.381,1.302,-0.088
40,SASR,2018,"1,113,312,852",0.189,1.136,8.842,0.097,0.012,0.015,,15.222,7.442,2.274,0.013
40,SASR,2019,"1,349,711,598",0.212,0.827,9.882,0.104,0.014,0.018,,15.23,7.492,1.551,0.029
41,GBCI,2010,"1,086,636,753",0.285,1.622,7.938,0.05,0.007,0.007,,14.688,6.887,0.183,-28.982
41,GBCI,2011,"865,138,328",-0.204,1.721,8.639,0.021,0.002,0.002,,14.877,6.972,0.072,-20.251
41,GBCI,2012,"1,058,196,536",0.223,1.578,8.216,0.086,0.01,0.011,,14.881,7.053,0.165,-15.307
41,GBCI,2013,"2,214,051,367",1.092,1.337,3.96,0.102,0.012,0.014,,15.2,7.115,0.085,-7.407
41,GBCI,2014,"2,083,419,035",-0.059,0.805,4.913,0.111,0.014,0.017,,15.319,7.19,0.123,-2.841
41,GBCI,2015,"2,018,569,221",-0.031,0.882,5.992,0.109,0.013,0.016,,15.317,7.255,0.241,-1.759
41,GBCI,2016,"2,772,515,314",0.374,0.766,4.632,0.108,0.013,0.016,,15.311,7.313,0.54,-0.519
41,GBCI,2017,"3,072,693,997",0.108,0.71,3.479,0.098,0.012,0.018,,15.308,7.381,1.302,-0.088
41,GBCI,2018,"3,348,749,437",0.09,0.65,3.759,0.123,0.015,0.018,,15.222,7.442,2.274,0.013
41,GBCI,2019,"4,239,700,963",0.266,0.396,3.696,0.118,0.016,0.02,,15.23,7.492,1.551,0.029
42,CVBF,2010,"918,309,719",0.001,1.883,12.579,0.096,0.009,0.011,,14.688,6.887,0.183,-28.982
42,CVBF,2011,"1,047,978,241",0.141,1.501,8.349,0.119,0.013,0.017,,14.877,6.972,0.072,-20.251
42,CVBF,2012,"1,090,184,046",0.04,1.003,5.084,0.103,0.012,0.017,,14.881,7.053,0.165,-15.307
42,CVBF,2013,"1,796,440,552",0.648,1.214,8.566,0.125,0.015,0.021,,15.2,7.115,0.085,-7.407
42,CVBF,2014,"1,695,314,145",-0.056,0.951,9.655,0.123,0.014,0.021,,15.319,7.19,0.123,-2.841
42,CVBF,2015,"1,799,688,152",0.062,0.826,7.283,0.109,0.013,0.019,,15.317,7.255,0.241,-1.759
42,CVBF,2016,"2,479,558,319",0.378,0.688,6.092,0.103,0.013,0.02,,15.311,7.313,0.54,-0.519
42,CVBF,2017,"2,595,290,815",0.047,0.542,4.214,0.098,0.012,0.022,,15.308,7.381,1.302,-0.088
42,CVBF,2018,"2,838,944,176",0.094,0.404,4.653,0.104,0.015,0.022,,15.222,7.442,2.274,0.013
42,CVBF,2019,"3,023,507,938",0.065,0.228,2.18,0.107,0.018,0.027,,15.23,7.492,1.551,0.029
43,PPBI,2010,"65,019,257",1.002,1.003,8.854,0.055,0.005,0.008,,14.688,6.887,0.183,-28.982
43,PPBI,2011,"63,480,049",-0.024,0.447,4.23,0.127,0.011,0.018,,14.877,6.972,0.072,-20.251
43,PPBI,2012,"105,978,204",0.669,0.935,16.459,0.15,0.015,0.024,,14.881,7.053,0.165,-15.307
43,PPBI,2013,"262,039,378",1.473,1.224,17.982,0.053,0.006,0.009,,15.2,7.115,0.085,-7.407
43,PPBI,2014,"292,776,763",0.117,0.937,15.924,0.085,0.009,0.014,,15.319,7.19,0.123,-2.841
43,PPBI,2015,"457,101,908",0.561,0.888,11.396,0.089,0.009,0.014,,15.317,7.255,0.241,-1.759
43,PPBI,2016,"977,658,442",1.139,0.864,6.458,0.09,0.011,0.018,,15.311,7.313,0.54,-0.519
43,PPBI,2017,"1,848,782,360",0.891,0.516,9.837,0.066,0.01,0.016,,15.308,7.381,1.302,-0.088
43,PPBI,2018,"1,594,308,331",-0.138,0.395,4.178,0.077,0.013,0.017,,15.222,7.442,2.274,0.013
43,PPBI,2019,"1,935,557,645",0.214,0.364,4.099,0.08,0.014,0.019,,15.23,7.492,1.551,0.029
44,HOMB,2010,"626,575,454",0.014,0.621,7.371,0.031,0.004,0.007,,14.688,6.887,0.183,-28.982
44,HOMB,2011,"732,428,699",0.169,0.526,3.131,0.11,0.014,0.023,,14.877,6.972,0.072,-20.251
44,HOMB,2012,"924,333,549",0.262,0.438,2.165,0.126,0.015,0.025,,14.881,7.053,0.165,-15.307
44,HOMB,2013,"2,429,330,017",1.628,0.681,5.706,0.109,0.014,0.022,,15.2,7.115,0.085,-7.407
44,HOMB,2014,"2,171,777,664",-0.106,0.921,3.812,0.121,0.016,0.024,,15.319,7.19,0.123,-2.841
44,HOMB,2015,"2,840,720,242",0.308,1.33,8.2,0.126,0.017,0.024,,15.317,7.255,0.241,-1.759
44,HOMB,2016,"3,900,060,150",0.373,1.12,8.616,0.138,0.018,0.027,,15.311,7.313,0.54,-0.519
44,HOMB,2017,"4,037,215,351",0.035,0.823,13.456,0.074,0.011,0.021,,15.308,7.381,1.302,-0.088
44,HOMB,2018,"2,825,714,762",-0.3,0.845,6.707,0.13,0.02,0.026,,15.222,7.442,2.274,0.013
44,HOMB,2019,"3,280,018,035",0.161,0.454,4.902,0.119,0.019,0.026,,15.23,7.492,1.551,0.029
45,AUB,2010,"383,618,048",0.689,0.72,7.092,0.05,0.005,0.008,,14.688,6.887,0.183,-28.982
45,AUB,2011,"346,304,188",-0.097,0.661,4.284,0.063,0.007,0.01,,14.877,6.972,0.072,-20.251
45,AUB,2012,"409,474,736",0.182,0.756,-13.459,0.081,0.009,0.012,,14.881,7.053,0.165,-15.307
45,AUB,2013,"618,362,157",0.51,1.057,3.054,0.079,0.008,0.011,,15.2,7.115,0.085,-7.407
45,AUB,2014,"1,094,529,840",0.77,0.703,5.753,0.053,0.007,0.01,,15.319,7.19,0.123,-2.841
45,AUB,2015,"1,133,871,714",0.036,0.683,6.354,0.068,0.009,0.012,,15.317,7.255,0.241,-1.759
45,AUB,2016,"1,556,770,676",0.373,0.989,11.315,0.078,0.01,0.012,,15.311,7.313,0.54,-0.519
45,AUB,2017,"1,581,789,406",0.016,1.165,12.065,0.071,0.008,0.011,,15.308,7.381,1.302,-0.088
45,AUB,2018,"1,862,724,763",0.178,0.913,8.039,0.078,0.011,0.013,,15.222,7.442,2.274,0.013
45,AUB,2019,"3,028,373,254",0.626,0.602,8.461,0.077,0.011,0.013,,15.23,7.492,1.551,0.029
46,CATY,2010,"1,311,385,185",1.809,1.628,14.21,-0.003,0,0,,14.688,6.887,0.183,-28.982
46,CATY,2011,"1,174,195,410",-0.105,1.23,10.827,0.057,0.008,0.013,,14.877,6.972,0.072,-20.251
46,CATY,2012,"1,538,019,490",0.31,1.004,10.078,0.064,0.009,0.016,,14.881,7.053,0.165,-15.307
46,CATY,2013,"2,113,284,385",0.374,1.024,13.716,0.076,0.011,0.017,,15.2,7.115,0.085,-7.407
46,CATY,2014,"2,039,631,962",-0.035,0.655,7.225,0.089,0.012,0.019,,15.319,7.19,0.123,-2.841
46,CATY,2015,"2,537,826,778",0.244,0.488,4.909,0.095,0.013,0.018,,15.317,7.255,0.241,-1.759
46,CATY,2016,"3,000,189,172",0.182,0.464,3.677,0.098,0.013,0.018,,15.311,7.313,0.54,-0.519
46,CATY,2017,"3,408,178,008",0.136,0.383,3.005,0.091,0.012,0.02,,15.308,7.381,1.302,-0.088
46,CATY,2018,"2,718,471,675",-0.202,0.358,2.302,0.131,0.017,0.021,,15.222,7.442,2.274,0.013
46,CATY,2019,"3,032,832,972",0.116,0.388,2.081,0.125,0.016,0.02,,15.23,7.492,1.551,0.029
47,HTH,2010,"560,436,035",-0.148,0.212,14.519,-0.019,-0.014,-0.004,,14.688,6.887,0.183,-28.982
47,HTH,2011,"477,431,997",-0.148,0.201,-36.332,-0.01,-0.007,-0.027,,14.877,6.972,0.072,-20.251
47,HTH,2012,"763,176,833",0.599,0.819,9.445,-0.008,-0.002,-0.003,,14.881,7.053,0.165,-15.307
47,HTH,2013,"2,009,025,517",1.632,0.355,1.209,0.099,0.015,0.025,,15.2,7.115,0.085,-7.407
47,HTH,2014,"1,799,128,666",-0.104,0.607,-13.594,0.075,0.011,0.02,,15.319,7.19,0.123,-2.841
47,HTH,2015,"1,900,773,124",0.057,0.796,11.987,0.121,0.017,0.022,,15.317,7.255,0.241,-1.759
47,HTH,2016,"2,936,463,869",0.545,1.046,-15.061,0.08,0.012,0.017,,15.311,7.313,0.54,-0.519
47,HTH,2017,"2,429,408,254",-0.173,0.897,-5.367,0.07,0.01,0.017,,15.308,7.381,1.302,-0.088
47,HTH,2018,"1,686,643,881",-0.306,0.74,4.152,0.063,0.009,0.011,,15.222,7.442,2.274,0.013
47,HTH,2019,"2,259,479,743",0.34,0.911,-4.158,0.11,0.016,0.019,,15.23,7.492,1.551,0.029
48,CBU,2010,"921,167,834",0.457,1.368,10.206,0.105,0.012,0.015,,14.688,6.887,0.183,-28.982
48,CBU,2011,"1,024,337,732",0.112,1.072,9.796,0.101,0.012,0.016,,14.877,6.972,0.072,-20.251
48,CBU,2012,"1,083,078,186",0.057,0.92,8.507,0.087,0.011,0.014,,14.881,7.053,0.165,-15.307
48,CBU,2013,"1,601,342,984",0.479,0.279,2.732,0.091,0.011,0.016,,15.2,7.115,0.085,-7.407
48,CBU,2014,"1,548,015,581",-0.033,0.446,4.048,0.095,0.012,0.018,,15.319,7.19,0.123,-2.841
48,CBU,2015,"1,641,529,047",0.06,0.354,3.765,0.087,0.011,0.017,,15.317,7.255,0.241,-1.759
48,CBU,2016,"2,742,285,616",0.671,0.207,2.014,0.085,0.012,0.019,,15.311,7.313,0.54,-0.519
48,CBU,2017,"2,720,241,759",-0.008,0.297,2.717,0.099,0.015,0.016,,15.308,7.381,1.302,-0.088
48,CBU,2018,"2,984,168,344",0.097,0.241,1.982,0.101,0.016,0.021,,15.222,7.442,2.274,0.013
48,CBU,2019,"3,667,724,983",0.229,0.186,1.752,0.093,0.015,0.021,,15.23,7.492,1.551,0.029
49,SFNC,2010,"491,081,220",0.258,0.691,7.819,0.097,0.012,0.019,,14.688,6.887,0.183,-28.982
49,SFNC,2011,"469,670,462",-0.044,0.578,15.634,0.063,0.008,0.012,,14.877,6.972,0.072,-20.251
49,SFNC,2012,"422,174,970",-0.101,0.527,6.333,0.068,0.008,0.014,,14.881,7.053,0.165,-15.307
49,SFNC,2013,"601,920,460",0.426,0.608,7.842,0.058,0.006,0.01,,15.2,7.115,0.085,-7.407
49,SFNC,2014,"732,594,747",0.217,0.497,8.086,0.079,0.008,0.012,,15.319,7.19,0.123,-2.841
49,SFNC,2015,"1,537,700,527",1.099,0.299,4.282,0.071,0.01,0.015,,15.317,7.255,0.241,-1.759
49,SFNC,2016,"1,943,462,942",0.264,0.39,6.073,0.087,0.012,0.019,,15.311,7.313,0.54,-0.519
49,SFNC,2017,"2,624,932,509",0.351,0.788,19.601,0.065,0.009,0.015,,15.308,7.381,1.302,-0.088
49,SFNC,2018,"2,227,273,634",-0.151,0.799,9.102,0.099,0.013,0.016,,15.222,7.442,2.274,0.013
49,SFNC,2019,"2,589,384,771",0.163,0.614,9.753,0.092,0.013,0.017,,15.23,7.492,1.551,0.029
50,FNLC,2010,"154,281,879",0.027,1.717,10.901,0.081,0.009,0.01,,14.688,6.887,0.183,-28.982
50,FNLC,2011,"150,705,309",-0.023,1.761,9.321,0.081,0.009,0.01,,14.877,6.972,0.072,-20.251
50,FNLC,2012,"162,285,432",0.077,1.81,12.122,0.082,0.009,0.01,,14.881,7.053,0.165,-15.307
50,FNLC,2013,"185,852,081",0.145,1.911,12.336,0.086,0.009,0.01,,15.2,7.115,0.085,-7.407
50,FNLC,2014,"193,953,328",0.044,1.733,14.141,0.093,0.01,0.011,,15.319,7.19,0.123,-2.841
50,FNLC,2015,"220,073,686",0.135,2.015,17.022,0.098,0.011,0.012,,15.317,7.255,0.241,-1.759
50,FNLC,2016,"357,204,211",0.623,1.617,14.634,0.104,0.011,0.013,,15.311,7.313,0.54,-0.519
50,FNLC,2017,"294,831,926",-0.175,1.262,11.315,0.11,0.011,0.013,,15.308,7.381,1.302,-0.088
50,FNLC,2018,"285,626,784",-0.031,1.098,6.5,0.127,0.012,0.013,,15.222,7.442,2.274,0.013
50,FNLC,2019,"329,500,561",0.154,0.87,7.555,0.124,0.013,0.014,,15.23,7.492,1.551,0.029
51,INDB,2010,"573,557,975",0.314,1.295,14.254,0.095,0.009,0.011,,14.688,6.887,0.183,-28.982
51,INDB,2011,"586,310,286",0.022,1.146,11.053,0.099,0.009,0.012,,14.877,6.972,0.072,-20.251
51,INDB,2012,"627,642,311",0.071,1.117,16.655,0.086,0.008,0.011,,14.881,7.053,0.165,-15.307
51,INDB,2013,"898,649,735",0.432,0.758,3.396,0.09,0.009,0.011,,15.2,7.115,0.085,-7.407
51,INDB,2014,"1,025,651,056",0.141,0.635,4.85,0.096,0.009,0.013,,15.319,7.19,0.123,-2.841
51,INDB,2015,"1,220,544,821",0.19,0.446,4.284,0.086,0.009,0.013,,15.317,7.255,0.241,-1.759
51,INDB,2016,"1,854,891,083",0.52,0.388,4.049,0.094,0.01,0.015,,15.311,7.313,0.54,-0.519
51,INDB,2017,"1,916,903,469",0.033,0.343,2.887,0.095,0.011,0.017,,15.308,7.381,1.302,-0.088
51,INDB,2018,"1,937,151,660",0.011,0.241,1.946,0.121,0.014,0.019,,15.222,7.442,2.274,0.013
51,INDB,2019,"2,861,615,686",0.477,0.177,1.488,0.108,0.015,0.021,,15.23,7.492,1.551,0.029
52,SSB,2010,"418,726,894",0.188,0.721,3.007,0.156,0.014,0.022,,14.688,6.887,0.183,-28.982
52,SSB,2011,"406,561,022",-0.029,0.595,1.676,0.06,0.006,0.009,,14.877,6.972,0.072,-20.251
52,SSB,2012,"607,671,632",0.495,0.578,1.81,0.069,0.007,0.01,,14.881,7.053,0.165,-15.307
52,SSB,2013,"1,601,328,946",1.635,0.319,1.371,0.064,0.007,0.012,,15.2,7.115,0.085,-7.407
52,SSB,2014,"1,619,329,446",0.011,0.328,3.032,0.077,0.009,0.015,,15.319,7.19,0.123,-2.841
52,SSB,2015,"1,742,489,561",0.076,0.324,2,0.096,0.012,0.02,,15.317,7.255,0.241,-1.759
52,SSB,2016,"2,116,724,868",0.215,0.325,3.288,0.091,0.012,0.019,,15.311,7.313,0.54,-0.519
52,SSB,2017,"2,552,995,718",0.206,0.218,2.754,0.049,0.007,0.015,,15.308,7.381,1.302,-0.088
52,SSB,2018,"2,189,799,885",-0.142,0.227,1.895,0.076,0.012,0.016,,15.222,7.442,2.274,0.013
52,SSB,2019,"2,927,123,878",0.337,0.47,6.418,0.079,0.012,0.015,,15.23,7.492,1.551,0.029
53,NTRS,2010,"13,419,967,878",0.06,1.449,20.656,0.1,0.008,0.016,,14.688,6.887,0.183,-28.982
53,NTRS,2011,"9,557,933,366",-0.288,1.051,8.472,0.086,0.006,0.013,,14.877,6.972,0.072,-20.251
53,NTRS,2012,"12,028,324,311",0.258,0.791,11.859,0.093,0.007,0.014,,14.881,7.053,0.165,-15.307
53,NTRS,2013,"14,790,709,981",0.23,0.938,16.338,0.094,0.008,0.014,,15.2,7.115,0.085,-7.407
53,NTRS,2014,"15,873,037,539",0.073,0.816,13.091,0.097,0.007,0.014,,15.319,7.19,0.123,-2.841
53,NTRS,2015,"16,668,671,715",0.05,0.93,5.781,0.109,0.008,0.015,,15.317,7.255,0.241,-1.759
53,NTRS,2016,"20,163,689,811",0.21,0.91,8.579,0.109,0.008,0.016,,15.311,7.313,0.54,-0.519
53,NTRS,2017,"22,717,096,476",0.127,1.213,9.935,0.114,0.009,0.017,,15.308,7.381,1.302,-0.088
53,NTRS,2018,"18,506,437,975",-0.185,1.339,11.15,0.146,0.011,0.019,,15.222,7.442,2.274,0.013
53,NTRS,2019,"22,510,302,884",0.216,1.063,5.916,0.133,0.011,0.019,,15.23,7.492,1.551,0.029
54,BCS,2010,"47,129,813,960",0.279,17.435,52.41,0.073,0.002,0.002,,14.688,6.887,0.183,-28.982
54,BCS,2011,"33,469,882,543",-0.29,17.875,34.557,0.056,0.002,0.002,,14.877,6.972,0.072,-20.251
54,BCS,2012,"52,823,723,087",0.578,17.739,-63.139,-0.012,0,0,,14.881,7.053,0.165,-15.307
54,BCS,2013,"55,489,736,570",0.05,12.579,-27.133,0.01,0,0.001,,15.2,7.115,0.085,-7.407
54,BCS,2014,"60,465,197,835",0.09,11.887,-65.859,-0.003,0,0,,15.319,7.19,0.123,-2.841
54,BCS,2015,"53,454,116,704",-0.116,8.547,37.046,-0.007,0,0,,15.317,7.255,0.241,-1.759
54,BCS,2016,"46,212,660,860",-0.135,8.204,53.558,0.026,0.001,0.002,,15.311,7.313,0.54,-0.519
54,BCS,2017,"45,792,545,761",-0.009,8.227,8.83,-0.03,-0.002,0,,15.308,7.381,1.302,-0.088
54,BCS,2018,"31,676,678,444",-0.308,8.59,63.187,0.026,0.001,0.002,,15.222,7.442,2.274,0.013
54,BCS,2019,"40,776,078,956",0.287,8.139,-233.177,0.037,0.002,0.002,,15.23,7.492,1.551,0.029
55,BAC,2010,1.35E+11,0.03266,3.302,9.242,-0.016,-0.002,0,-0.26388,14.688,6.887,0.183,-28.982
55,BAC,2011,56355447286,-0.58111,2.707,9.864,0,0,0,-0.04023,14.877,6.972,0.072,-20.251
55,BAC,2012,1.25E+11,1.22043,2.53,-37.354,0.012,0.001,0.001,-0.05371,14.881,7.053,0.165,-15.307
55,BAC,2013,1.66E+11,0.32716,2.122,5.32,0.043,0.005,0.007,-0.05743,15.2,7.115,0.085,-7.407
55,BAC,2014,1.88E+11,0.13288,1.953,15.444,0.019,0.002,0.004,0.08563,15.319,7.19,0.123,-2.841
55,BAC,2015,1.75E+11,-0.06855,1.714,15.465,0.057,0.007,0.01,-0.04963,15.317,7.255,0.241,-1.759
55,BAC,2016,2.23E+11,0.27436,1.544,23.792,0.061,0.007,0.012,0.02837,15.311,7.313,0.54,-0.519
55,BAC,2017,3.08E+11,0.37878,1.636,44.296,0.062,0.007,0.013,0.03721,15.308,7.381,1.302,-0.088
55,BAC,2018,2.42E+11,-0.21464,1.645,11.047,0.101,0.011,0.015,0.07279,15.222,7.442,2.274,0.013
55,BAC,2019,3.17E+11,0.31009,1.624,6.963,0.097,0.011,0.014,0.09713,15.23,7.492,1.551,0.029
56,WFC,2010,1.63E+11,0.28635,1.68,11.314,0.096,0.009,0.014,-0.14708,14.688,6.887,0.183,-28.982
56,WFC,2011,1.45E+11,-0.10648,1.244,12.766,0.11,0.012,0.017,0.00597,14.877,6.972,0.072,-20.251
56,WFC,2012,1.80E+11,0.23803,1.171,3.153,0.119,0.013,0.02,0.02058,14.881,7.053,0.165,-15.307
56,WFC,2013,2.39E+11,0.3291,1.216,3.589,0.126,0.014,0.022,0.02174,15.2,7.115,0.085,-7.407
56,WFC,2014,2.84E+11,0.18916,1.342,14.117,0.121,0.013,0.021,0.03357,15.319,7.19,0.123,-2.841
56,WFC,2015,2.78E+11,-0.02365,1.539,18.679,0.112,0.012,0.019,0.04881,15.317,7.255,0.241,-1.759
56,WFC,2016,2.77E+11,-0.00318,1.763,349.065,0.102,0.011,0.017,0.04714,15.311,7.313,0.54,-0.519
56,WFC,2017,2.99E+11,0.0794,1.586,17.631,0.1,0.011,0.014,0.04341,15.308,7.381,1.302,-0.088
56,WFC,2018,2.17E+11,-0.27395,1.707,9.282,0.103,0.011,0.014,0.07195,15.222,7.442,2.274,0.013
56,WFC,2019,2.28E+11,0.04901,1.778,49.436,0.093,0.009,0.012,0.12243,15.23,7.492,1.551,0.029
