Date,portfolio
2011-01-03,0.0232077760962082
2011-01-04,-0.01599794478314489
2011-01-05,0.017504836501108557
2011-01-06,-0.010746146042335602
2011-01-07,-0.019694859102250703
2011-01-10,0.0047667121778684615
2011-01-11,0.006797013600328426
2011-01-12,0.011609592392986874
2011-01-13,-0.008346458262946744
2011-01-14,0.02688319031821974
2011-01-18,-0.0017408731996719415
2011-01-19,-0.027124315064913935
2011-01-20,-0.002327068271813451
2011-01-21,-0.0008245999760664703
2011-01-24,0.002189566472946476
2011-01-25,0.007285835596817859
2011-01-26,0.004120979323573935
2011-01-27,0.0015653711581986223
2011-01-28,-0.023754981066154524
2011-01-31,0.00011140258423845543
2011-02-01,0.021425049048894602
2011-02-02,-0.007678888101886744
2011-02-03,0.0014068786316921624
2011-02-04,-0.002120590549350499
2011-02-07,0.010907186197141424
2011-02-08,0.002070800859210797
2011-02-09,-0.00637319964006034
2011-02-10,-0.002101953634092567
2011-02-11,0.019855298601521503
2011-02-14,-0.0005957327925757755
2011-02-15,-0.006670607558525947
2011-02-16,0.00869234744467996
2011-02-17,-0.002087604355798075
2011-02-18,0.004752694779429464
2011-02-22,-0.02386737377074686
2011-02-23,-0.010972601830371756
2011-02-24,-0.0002923422375900505
2011-02-25,0.023377912596823407
2011-02-28,-0.0016418990329521938
2011-03-01,-0.015040264413535596
2011-03-02,-0.0041907090393041605
2011-03-03,0.01871634019127783
2011-03-04,-0.010688133240687637
2011-03-07,-0.013674190240005338
2011-03-08,0.02348789036010973
2011-03-09,-0.0020491648905473373
2011-03-10,-0.02419478207415544
2011-03-11,-0.0023352123104916868
2011-03-14,-0.013510424017220048
2011-03-15,-0.0042278220227022255
2011-03-16,-0.010681521460454303
2011-03-17,0.013082358692075953
2011-03-18,0.01574584168456431
2011-03-21,0.01610041482757711
2011-03-22,-0.004873498839172401
2011-03-23,-0.003603459906480027
2011-03-24,0.00185512169471273
2011-03-25,0.00400116124707356
2011-03-28,-0.004677977533057386
2011-03-29,0.0044195099395253875
2011-03-30,0.011416713437458658
2011-03-31,0.00407561818685983
2011-04-01,0.00766224845830745
2011-04-04,0.001012024738889993
2011-04-05,-0.0012715570454146987
2011-04-06,0.012678628637473434
2011-04-07,-0.004687855620934215
2011-04-08,-0.01243815948645474
2011-04-11,-0.0031044096120798215
2011-04-12,-0.006508848602166175
2011-04-13,-0.012805234710163775
2011-04-14,0.0018338478278733016
2011-04-15,0.007464726571994456
2011-04-18,-0.014267343768273327
2011-04-19,-0.004177593584306707
2011-04-20,0.005103730103282314
2011-04-21,0.00048526080707130253
2011-04-25,0.0009192283572126883
2011-04-26,0.01986978359359238
2011-04-27,0.005269651461224197
2011-04-28,0.002167262660110618
2011-04-29,-0.003748378968926212
2011-05-02,-0.008799656722434209
2011-05-03,0.00029307454632416044
2011-05-04,-0.010954673716538757
2011-05-05,-0.008524876561796233
2011-05-06,-0.00019427834325229512
2011-05-09,0.00020621968873720087
2011-05-10,0.013716639019025617
2011-05-11,-0.014085807707316995
2011-05-12,0.006702596698266108
2011-05-13,-0.017195885356887073
2011-05-16,-0.0077645020989841485
2011-05-17,0.007239718374967239
2011-05-18,0.0066113901219077694
2011-05-19,-0.0009442524962834133
2011-05-20,-0.01234830111796752
2011-05-23,-0.015704526218414415
2011-05-24,-0.0037097740014522063
2011-05-25,0.0018535051974758498
2011-05-26,0.0061380825569671464
2011-05-27,0.007721563574847894
2011-05-31,0.015075326568310444
2011-06-01,-0.03984195303540903
2011-06-02,0.0015864218627389222
2011-06-03,-0.012288342667685801
2011-06-06,-0.007455400190171134
2011-06-07,-0.00010521869487915994
2011-06-08,-0.0009808590238715841
2011-06-09,0.002202051206410358
2011-06-10,-0.01111156064598887
2011-06-13,0.00677364574207874
2011-06-14,0.015613077874970611
2011-06-15,-0.014489827970878647
2011-06-16,0.010763006511555713
2011-06-17,0.010308217239407398
2011-06-20,0.0038889384722838203
2011-06-21,0.01036427907612324
2011-06-22,-0.012842442145388136
2011-06-23,-0.008674262569639987
2011-06-24,-0.00703914787200073
2011-06-27,0.011069029036084886
2011-06-28,0.0054935868708814554
2011-06-29,0.008801814182917528
2011-06-30,0.006638443812707041
2011-07-01,0.01492415111166818
2011-07-05,-0.007114554188589141
2011-07-06,0.0055710853847006185
2011-07-07,0.013622933328958732
2011-07-08,-0.011650428966919998
2011-07-11,-0.019036941277953853
2011-07-12,0.004778149862450579
2011-07-13,0.011485781483079696
2011-07-14,-0.01534523693154957
2011-07-15,-0.001408849282472414
2011-07-18,-0.014249507867777131
2011-07-19,0.01958919919169164
2011-07-20,0.005641287555283152
2011-07-21,0.02046816430647478
2011-07-22,-0.005187445043222952
2011-07-25,-0.010086117876341097
2011-07-26,-0.0049247695478739405
2011-07-27,-0.022118523783196033
2011-07-28,0.0004887184202413985
2011-07-29,0.004189648788691119
2011-08-01,0.004565996272958289
2011-08-02,-0.018505084417076063
2011-08-03,0.01501294818288895
2011-08-04,-0.04359874860963701
2011-08-05,-0.014162565980795324
2011-08-08,-0.08909039984882208
2011-08-09,0.06558187353270244
2011-08-10,-0.07779927623264536
2011-08-11,0.05042836309658458
2011-08-12,-0.020014600238466643
2011-08-15,0.03186690135567035
2011-08-16,-0.02107397577076545
2011-08-17,0.007413400955431702
2011-08-18,-0.050237986038860975
2011-08-19,-0.019404144492663766
2011-08-22,-0.0011096237456371808
2011-08-23,0.04693857849163332
2011-08-24,0.020558382395323295
2011-08-25,-0.027337456009408036
2011-08-26,0.015076980978747353
2011-08-29,0.05148000557974149
2011-08-30,-0.007816089099126304
2011-08-31,0.002074887834293725
2011-09-01,-0.03498474470363941
2011-09-02,-0.03713115458882704
2011-09-06,-0.003679908978267847
2011-09-07,0.050787670042614426
2011-09-08,-0.03222133710756359
2011-09-09,-0.031377033738844685
2011-09-12,0.01706378451895492
2011-09-13,0.017322184393783482
2011-09-14,0.01877645213876418
2011-09-15,0.017148818614445286
2011-09-16,-0.0008937228510905467
2011-09-19,-0.03058459122685752
2011-09-20,-0.015797086082849892
2011-09-21,-0.051195370182158584
2011-09-22,-0.010972294565563336
2011-09-23,0.010579071981871083
2011-09-26,0.03601982481805027
2011-09-27,0.009481954371586776
2011-09-28,-0.04311572560636309
2011-09-29,0.044069179101837705
2011-09-30,-0.02720370593720051
2011-10-03,-0.043684298037888404
2011-10-04,0.07897603446577121
2011-10-05,0.010932870207472327
2011-10-06,0.025812027972672166
2011-10-07,-0.040486195770419654
2011-10-10,0.05001094580875574
2011-10-11,0.009297396861256151
2011-10-12,0.024966963861973182
2011-10-13,-0.01697368319561608
2011-10-14,0.009134510656095163
2011-10-17,-0.0415087013145003
2011-10-18,0.056174713327421716
2011-10-19,-0.013076321996703376
2011-10-20,0.012411594617536829
2011-10-21,0.02252803365105337
2011-10-24,0.023970587738090125
2011-10-25,-0.040065710852575674
2011-10-26,0.02752514016166266
2011-10-27,0.05949005598243006
2011-10-28,-0.011716231906502278
2011-10-31,-0.028650374371829337
2011-11-01,-0.049009498302575005
2011-11-02,0.037935295526369636
2011-11-03,0.024292059282425293
2011-11-04,-0.0139104910551791
2011-11-07,0.007089826163845315
2011-11-08,0.019657922929264507
2011-11-09,-0.05456328988542856
2011-11-10,0.015784105436042067
2011-11-11,0.02189993066038531
2011-11-14,-0.023018744525520822
2011-11-15,0.01754596689752971
2011-11-16,-0.018491598059780737
2011-11-17,-0.006240641554215671
2011-11-18,0.010654161288672326
2011-11-21,-0.026657219735905194
2011-11-22,-0.006350077848633921
2011-11-23,-0.03441655640466721
2011-11-25,-0.0034697685935274735
2011-11-28,0.03420825672017376
2011-11-29,-0.005867713008242879
2011-11-30,0.07517476669189353
2011-12-01,-0.016917524960244405
2011-12-02,0.015824331023626098
2011-12-05,0.01945651795234058
2011-12-06,-0.0037954839446339493
2011-12-07,0.0077451770799597695
2011-12-08,-0.03803078283714376
2011-12-09,0.031933875228081506
2011-12-12,-0.01787487245211682
2011-12-13,-0.018191034715497992
2011-12-14,0.0031448183340602484
2011-12-15,0.01431132378476898
2011-12-16,0.0034620693818836674
2011-12-19,-0.02344290185117049
2011-12-20,0.042000321753254966
2011-12-21,0.00833600025176415
2011-12-22,0.015117407319712057
2011-12-23,-0.0022913606158047996
2011-12-27,0.0015974670425713965
2011-12-28,-0.018030303274395084
2011-12-29,0.018547387226467472
2011-12-30,-0.010272939931394843
2012-01-03,0.0287940548800929
2012-01-04,0.0023273624261454344
2012-01-05,0.013234792624543213
2012-01-06,-0.004684680423206521
2012-01-09,0.010301192671881489
2012-01-10,0.011745040556978479
2012-01-11,0.0016611833553328566
2012-01-12,0.003983240784180716
2012-01-13,-0.007923288332307574
2012-01-17,-0.004431149897052696
2012-01-18,0.013941550904117033
2012-01-19,-0.003081951727885613
2012-01-20,0.014225143410329943
2012-01-23,-0.002410929817645977
2012-01-24,0.0017828070878817234
2012-01-25,0.004402768869702993
2012-01-26,-0.018256981304778194
2012-01-27,0.005734684607116917
2012-01-30,-0.002591622590371541
2012-01-31,0.0009705206622771428
2012-02-01,0.019594505363742572
2012-02-02,0.006538942236768188
2012-02-03,0.02482526787656946
2012-02-06,-0.009970518930562474
2012-02-07,-0.0018743040457489984
2012-02-08,0.004800459744646682
2012-02-09,-0.0062995515566688755
2012-02-10,-0.015615158159082288
2012-02-13,0.013692643801691029
2012-02-14,-0.009008310726192974
2012-02-15,-0.006713140699965498
2012-02-16,0.023659147667454895
2012-02-17,0.001682042027103184
2012-02-21,-0.007684675528576203
2012-02-22,-0.020299301361307497
2012-02-23,0.022169924701908005
2012-02-24,-0.010875657344099732
2012-02-27,0.0053582223169294264
2012-02-28,-0.003490498093987911
2012-02-29,-0.009104809322405661
2012-03-01,0.0034429203306530053
2012-03-02,-0.018620242888312752
2012-03-05,0.006072733715878585
2012-03-06,-0.02408208914880335
2012-03-07,0.01384133415430882
2012-03-08,0.013621351148140446
2012-03-09,0.015223674850935846
2012-03-12,0.0003954814066411391
2012-03-13,0.03773407002410503
2012-03-14,-0.004385684331519137
2012-03-15,0.015485581731457448
2012-03-16,0.0010986375116284865
2012-03-19,0.01229754670057775
2012-03-20,-0.006008560982688121
2012-03-21,-0.003231857012256612
2012-03-22,-0.0160139393169312
2012-03-23,0.011272742115649556
2012-03-26,0.017614786280691724
2012-03-27,-0.011094966229767045
2012-03-28,0.00706578253286005
2012-03-29,-0.00779830120312222
2012-03-30,-0.0069520684713998615
2012-04-02,0.010826177342444432
2012-04-03,-0.007171430614868334
2012-04-04,-0.02058798336749146
2012-04-05,-0.0032515929340067255
2012-04-09,-0.020656402074087105
2012-04-10,-0.018050427116956397
2012-04-11,0.02238997443830643
2012-04-12,0.013333756355691602
2012-04-13,-0.030326511986652014
2012-04-16,0.014074315987533436
2012-04-17,0.020854236024269703
2012-04-18,-0.014450760870858923
2012-04-19,-0.0037746916642416484
2012-04-20,0.011943130118114355
2012-04-23,-0.015447963342068547
2012-04-24,0.018009585512216025
2012-04-25,0.011467745898928572
2012-04-26,0.0017900476182315676
2012-04-27,0.008354990304324955
2012-04-30,-0.012034882289421577
2012-05-01,-0.0006094517102064028
2012-05-02,0.00022358803823481943
2012-05-03,-0.006734855580708024
2012-05-04,-0.013941027353429588
2012-05-07,0.008585021523149678
2012-05-08,0.0031060891710332334
2012-05-09,-0.0037620829939723345
2012-05-10,0.016507762055752228
2012-05-11,-0.011721359059062337
2012-05-14,-0.0158393610866965
2012-05-15,-0.0013084577576283887
2012-05-16,-0.007982489393167152
2012-05-17,-0.0139472373187713
2012-05-18,-0.006911250680958314
2012-05-21,0.012070552488514342
2012-05-22,-0.001331273754802615
2012-05-23,0.005524045150314129
2012-05-24,0.009412011546634394
2012-05-25,-0.006392288197095379
2012-05-29,0.008545716593995122
2012-05-30,-0.018857532337033384
2012-05-31,0.008082155437648793
2012-06-01,-0.03954384884367518
2012-06-04,-0.0024389907781382876
2012-06-05,0.0031445328756581686
2012-06-06,0.02189050100433919
2012-06-07,0.002087201324492798
2012-06-08,0.013142248648586336
2012-06-11,-0.02186870856958258
2012-06-12,0.014683421081701169
2012-06-13,-0.005075716379786112
2012-06-14,0.01471338053633431
2012-06-15,0.010882217749498211
2012-06-18,-0.004182617673333676
2012-06-19,0.01749561074681963
2012-06-20,0.0020299331793289313
2012-06-21,-0.024018397569366523
2012-06-22,0.021448705756436755
2012-06-25,-0.017808659978354034
2012-06-26,0.0074988245963717014
2012-06-27,0.016663493805715218
2012-06-28,-0.00029041303862799956
2012-06-29,0.01848133652052441
2012-07-02,0.008010890993889618
2012-07-03,0.006479816752439142
2012-07-05,-0.007829430623461264
2012-07-06,-0.006458221145155113
2012-07-09,-0.004396051809803531
2012-07-10,-0.002224681771596432
2012-07-11,0.006213059951332591
2012-07-12,-0.0045106155119931345
2012-07-13,0.020028304264919364
2012-07-16,-0.005573208411140882
2012-07-17,0.008206872633350721
2012-07-18,-0.0009005311300779435
2012-07-19,-0.012931740248352605
2012-07-20,-0.014395032832820627
2012-07-23,-0.012232953125409588
2012-07-24,-0.004977069335118917
2012-07-25,0.00281234789482634
2012-07-26,0.002239993479610823
2012-07-27,0.021664178421121356
2012-07-30,-0.009291120671975088
2012-07-31,0.0012468866831242499
2012-08-01,-0.016169829537259667
2012-08-02,-0.007730367877744154
2012-08-03,0.03081890130123147
2012-08-06,-0.0005072373282492436
2012-08-07,0.008207577371266064
2012-08-08,-0.002569623891528647
2012-08-09,0.00018987109040240161
2012-08-10,-0.004346208963817134
2012-08-13,0.00014397302616958442
2012-08-14,-1.3703211497906818e-05
2012-08-15,0.008039070216869988
2012-08-16,0.005351222817832303
2012-08-17,0.008868050515814472
2012-08-20,0.00204761720776701
2012-08-21,-0.0002782116546690231
2012-08-22,-0.008293988255213908
2012-08-23,-0.013442879378421884
2012-08-24,0.0042958177808098625
2012-08-27,0.0026123165677511234
2012-08-28,0.006701286656623163
2012-08-29,0.008284482671438298
2012-08-30,-0.008122636547527387
2012-08-31,0.00034697141317057534
2012-09-04,0.011718674652545967
2012-09-05,-0.0017233705472001306
2012-09-06,0.02303341877716084
2012-09-07,0.005318745995938288
2012-09-10,-0.006029794925923021
2012-09-11,0.0038136118915704786
2012-09-12,0.0034241540236270894
2012-09-13,0.018360623114676282
2012-09-14,0.014609438950973407
2012-09-17,-0.01312057856422566
2012-09-18,0.0024452227249459075
2012-09-19,-0.0010858661567138216
2012-09-20,-0.004827495305851988
2012-09-21,0.002464215267201967
2012-09-24,0.005014790215485112
2012-09-25,-0.010591100002767534
2012-09-26,-0.004713717329802898
2012-09-27,0.00645146128190767
2012-09-28,-0.008297246687239128
2012-10-01,0.003369986964247263
2012-10-02,0.0008396830167748655
2012-10-03,-0.0008203056592543824
2012-10-04,0.01145040598682235
2012-10-05,0.0014950929631855684
2012-10-08,-0.004602216854333413
2012-10-09,-0.010517412629041564
2012-10-10,0.005253882725556975
2012-10-11,0.005340511725030381
2012-10-12,-0.02097103334294477
2012-10-15,0.0030060710310281947
2012-10-16,-0.004079301414851745
2012-10-17,0.013225828273550193
2012-10-18,-0.007941872362635159
2012-10-19,-0.010600620446301003
2012-10-22,0.004155021740473582
2012-10-23,-0.004213745136908634
2012-10-24,0.0016816655741520626
2012-10-25,0.007237054057539968
2012-10-26,-0.008920585230339895
2012-10-31,0.004403000334358345
2012-11-01,0.008591455349956636
2012-11-02,-0.01174337865096754
2012-11-05,-0.0006245478544937562
2012-11-06,0.014897978757677618
2012-11-07,-0.03665163932527775
2012-11-08,-0.013077918857543556
2012-11-09,0.003772256648109992
2012-11-12,0.0018675741441494375
2012-11-13,-0.008056319646553142
2012-11-14,-0.014900774201353127
2012-11-15,-0.0023298754601918503
2012-11-16,0.006576187119755444
2012-11-19,0.019083594747534332
2012-11-20,0.0030456102373030065
2012-11-21,0.0015244264285599967
2012-11-23,0.0178470128318715
2012-11-26,-0.0013220460613947783
2012-11-27,-0.007098042319815871
2012-11-28,0.0003866634428674406
2012-11-29,0.009423209155929998
2012-11-30,-0.0022853561014558542
2012-12-03,0.002204794140857326
2012-12-04,-0.004109514055255003
2012-12-05,0.002532161884114589
2012-12-06,0.0003760160692027341
2012-12-07,-0.0028672773107718628
2012-12-10,0.0008744855274001243
2012-12-11,0.007636189960931038
2012-12-12,-0.0047628314249348125
2012-12-13,-0.004346712496023816
2012-12-14,-0.0031177124153802275
2012-12-17,0.020203005048169364
2012-12-18,0.013839769312881629
2012-12-19,0.0011122894318204666
2012-12-20,0.00793218855722991
2012-12-21,-0.004424358131860297
2012-12-24,-0.00439882131428227
2012-12-26,-0.004800270615684917
2012-12-27,-0.003436407990093663
2012-12-28,-0.006032897666061719
2012-12-31,0.01324513022000558
2013-01-02,0.03720832075802094
2013-01-03,0.0006721013936784831
2013-01-04,0.008410131640299356
2013-01-07,-0.008211745546185454
2013-01-08,-0.002582621830262248
2013-01-09,0.0008644077013998102
2013-01-10,0.005487733498755215
2013-01-11,-0.008656911776940182
2013-01-14,0.002494408450772084
2013-01-15,0.0028061376925942625
2013-01-16,-2.5448421160335022e-05
2013-01-17,0.009440099577660987
2013-01-18,-0.0013651023127936861
2013-01-22,0.006543082514987167
2013-01-23,-0.005188626989238536
2013-01-24,0.00014361783867539906
2013-01-25,0.003582820670437254
2013-01-28,0.004675344110676006
2013-01-29,0.0011969572389760122
2013-01-30,-0.007157489315837423
2013-01-31,0.004865897484349744
2013-02-01,0.015114769838874593
2013-02-04,-0.012411540776130645
2013-02-05,0.012095191182002658
2013-02-06,0.003506470595412097
2013-02-07,-0.0015187687289801976
2013-02-08,0.002597961787130883
2013-02-11,0.0038837982081242686
2013-02-12,0.009806817565833967
2013-02-13,-0.0019101670683312182
2013-02-14,-0.00147124002013618
2013-02-15,-0.0015519697814658296
2013-02-19,0.007647556119513151
2013-02-20,-0.01155194327529549
2013-02-21,-0.0033779688911341394
2013-02-22,0.010593058049028428
2013-02-25,-0.023959461412307224
2013-02-26,0.0062922241730417145
2013-02-27,0.008766607580463007
2013-02-28,0.0013812825367612873
2013-03-01,0.0017212350854465814
2013-03-04,0.004977501139955413
2013-03-05,0.006836512009386985
2013-03-06,0.00364061507643801
2013-03-07,0.008634407308169103
2013-03-08,0.0027183182319470787
2013-03-11,0.001992196684950973
2013-03-12,-0.004870038479445799
2013-03-13,0.006279667422046359
2013-03-14,0.009661372653710198
2013-03-15,0.005217209818504708
2013-03-18,-0.009472053152977663
2013-03-19,0.002115338239603096
2013-03-20,0.006058271762964901
2013-03-21,-0.006745280178156099
2013-03-22,0.0026904775015870867
2013-03-25,0.0006597757792028929
2013-03-26,0.0008960498576205608
2013-03-27,-0.0032113158419725552
2013-03-28,0.0006476947917337467
2013-04-01,-0.014947792939816408
2013-04-02,-0.004678515130245059
2013-04-03,-0.012534462342952801
2013-04-04,0.008523812161770618
2013-04-05,-0.002294629063772238
2013-04-08,0.005727375389374266
2013-04-09,-0.006413470504741232
2013-04-10,0.01772669140981054
2013-04-11,-0.0035844297156269324
2013-04-12,-0.006066142978910534
2013-04-15,-0.03127134753207842
2013-04-16,0.012902816097087213
2013-04-17,-0.015292283576129398
2013-04-18,-0.002677689247959089
2013-04-19,0.016164025617268343
2013-04-22,-0.002455125102299749
2013-04-23,0.019930900557968128
2013-04-24,0.0020957574817058048
2013-04-25,0.0027152117140066146
2013-04-26,-0.009268548187332103
2013-04-29,0.006786386191503852
2013-04-30,0.005591191519692588
2013-05-01,-0.02524124794784073
2013-05-02,0.015126027494662332
2013-05-03,0.012819337001372548
2013-05-06,0.011276411034196849
2013-05-07,0.013917176149920317
2013-05-08,0.0014256059370296433
2013-05-09,-0.0052280221302094115
2013-05-10,0.0033576060764275812
2013-05-13,0.004626796037391059
2013-05-14,0.011793861774405192
2013-05-15,0.006149229944795327
2013-05-16,-0.0009097900843019335
2013-05-17,0.01001998275857629
2013-05-20,0.003850656831599605
2013-05-21,-0.000351006564237979
2013-05-22,-0.01726216462583671
2013-05-23,-0.0022206130778638553
2013-05-24,0.0042936953721770315
2013-05-28,0.013518239055759848
2013-05-29,-0.008101420070922327
2013-05-30,0.009804003732109583
2013-05-31,-0.011479682113362033
2013-06-03,0.00687767405300994
2013-06-04,-0.0069643516928916144
2013-06-05,-0.012721554131729635
2013-06-06,0.008571589968895956
2013-06-07,0.007895603622744463
2013-06-10,0.008207883830206575
2013-06-11,-0.012155974834236223
2013-06-12,-0.008181548357748626
2013-06-13,0.0158561946390852
2013-06-14,-0.016862508960411218
2013-06-17,0.007623660616004893
2013-06-18,0.011184145000724104
2013-06-19,-0.006374934288090464
2013-06-20,-0.0077543819807189916
2013-06-21,0.0122608882108861
2013-06-24,-0.0037107490619623508
2013-06-25,0.018714302009077442
2013-06-26,0.0016589207492584623
2013-06-27,0.017228554443526153
2013-06-28,-0.0013812522442224807
2013-07-01,0.017313274695330647
2013-07-02,0.007948837424935178
2013-07-03,0.005113464936331016
2013-07-05,0.02605926863205819
2013-07-08,0.00038504693769135165
2013-07-09,0.005900168351566804
2013-07-10,-0.006857334295362996
2013-07-11,-0.006404154863599859
2013-07-12,0.009380638344944939
2013-07-15,0.009483877867095501
2013-07-16,-0.004340544909668719
2013-07-17,0.0031513520187078903
2013-07-18,0.01658301688104229
2013-07-19,0.0036598499208799905
2013-07-22,0.009347531126738038
2013-07-23,0.0038555950499413183
2013-07-24,-0.00015251942709549503
2013-07-25,-0.0007601813457217593
2013-07-26,-0.007487264727286483
2013-07-29,-0.008126466505572555
2013-07-30,-0.0010218970966873217
2013-07-31,0.0004453952789371162
2013-08-01,0.015567092608984272
2013-08-02,-0.0009408019480058168
2013-08-05,0.001340242295250639
2013-08-06,-0.009245684020516662
2013-08-07,-0.006663025220030207
2013-08-08,0.0032689358931215504
2013-08-09,-0.005347625211118693
2013-08-12,0.0019428483110776175
2013-08-13,0.0013767208569351445
2013-08-14,-0.0017432829191240896
2013-08-15,-0.012926002190401376
2013-08-16,0.0025211687685314558
2013-08-19,-0.008994989802995637
2013-08-20,0.0164148894922277
2013-08-21,-0.008781817667746245
2013-08-22,0.014592254121097534
2013-08-23,-0.0025863778130513636
2013-08-26,-0.00690863361371337
2013-08-27,-0.03098474287742743
2013-08-28,0.0033876599283685725
2013-08-29,0.007724195273621421
2013-08-30,-0.01704725095548344
2013-09-03,0.003629425005898191
2013-09-04,0.003870984190612728
2013-09-05,0.005747111658392105
2013-09-06,-0.0021147492400013256
2013-09-09,0.010275686004054414
2013-09-10,0.010846534718930927
2013-09-11,-0.0053250229391467565
2013-09-12,-0.006090473204692569
2013-09-13,0.005595854834313548
2013-09-16,0.006597591670949668
2013-09-17,0.010837322153470738
2013-09-18,-0.0011358120214387723
2013-09-19,-0.013502853965085522
2013-09-20,0.01078914026505031
2013-09-23,-0.0026251741230423576
2013-09-24,0.006397894924481802
2013-09-25,0.0027059870660016984
2013-09-26,-0.002311898229881406
2013-09-27,-0.00012951768991549103
2013-09-30,0.0016334782322934812
2013-10-01,0.010056395922971402
2013-10-02,-0.011839972399030669
2013-10-03,-0.00859383065443942
2013-10-04,0.008100197572226289
2013-10-07,-0.01563094226277725
2013-10-08,-0.006208484817347741
2013-10-09,0.004049736452900989
2013-10-10,0.024597781206192645
2013-10-11,0.020369432197483137
2013-10-14,0.0038972295137948594
2013-10-15,-0.009021975637532905
2013-10-16,0.011934552916065697
2013-10-17,0.004851601624513473
2013-10-18,0.005350106152555317
2013-10-21,0.0020409023260690457
2013-10-22,0.0023163295263492175
2013-10-23,-0.0037128411718088433
2013-10-24,0.00458235008188729
2013-10-25,0.004377727528051633
2013-10-28,0.006030820537592385
2013-10-29,-0.0015336725544381749
2013-10-30,-0.004009504283909156
2013-10-31,-0.012886377400252752
2013-11-01,-0.001864506088396363
2013-11-04,0.002930853982251478
2013-11-05,0.0009712973359929872
2013-11-06,0.004856356443730051
2013-11-07,-0.012437068704508955
2013-11-08,0.03363321850846124
2013-11-11,-0.008614319965427093
2013-11-12,-0.0013767207605058051
2013-11-13,0.0094955238012643
2013-11-14,0.0030715591875904785
2013-11-15,-0.0014124269847135829
2013-11-18,0.0016376639712962833
2013-11-19,-0.0006380018995072493
2013-11-20,0.0008196957426552136
2013-11-21,0.018857646335267333
2013-11-22,0.010265935034930828
2013-11-25,0.0047953737032130446
2013-11-26,0.006412721493123725
2013-11-27,0.0074238811209026735
2013-11-29,0.0006893105420506157
2013-12-02,-0.01341617840909182
2013-12-03,-0.007194801997829917
2013-12-04,-0.0010471665937940788
2013-12-05,0.0007075148519745619
2013-12-06,0.01744046387740878
2013-12-09,-0.0062253593528614915
2013-12-10,-0.010388626665930625
2013-12-11,-0.012681306852041782
2013-12-12,0.005766804000469397
2013-12-13,-0.000913980718833854
2013-12-16,0.014496330509156026
2013-12-17,-0.006141104235788597
2013-12-18,0.01740468515943217
2013-12-19,-0.006449042595189167
2013-12-20,0.014023324587425851
2013-12-23,0.01575839909906746
2013-12-24,0.0016106124204869428
2013-12-26,-0.00028247875963487325
2013-12-27,-0.0018259310979103118
2013-12-30,-0.00293529776448719
2013-12-31,0.000992679723482534
2014-01-02,-0.01487322786422308
2014-01-03,0.0011697890266149913
2014-01-06,-0.004435518677711093
2014-01-07,0.007703630359677255
2014-01-08,-0.0005381248374706153
2014-01-09,0.0036286760054217255
2014-01-10,0.0005933053639319591
2014-01-13,-0.012855259460001543
2014-01-14,0.005104847369402863
2014-01-15,0.005106426787980723
2014-01-16,-0.008962699206814613
2014-01-17,0.004644557830660206
2014-01-21,0.015278269989837367
2014-01-22,0.004389776837794612
2014-01-23,-0.012370745217253641
2014-01-24,-0.01549999825381879
2014-01-27,-0.01001916150393113
2014-01-28,0.0009319045447976068
2014-01-29,-0.019114394467187726
2014-01-30,0.0123787164715971
2014-01-31,-0.015027102512048834
2014-02-03,-0.03365803516808
2014-02-04,0.011241039840898828
2014-02-05,-0.005060302689304869
2014-02-06,0.008813914457462423
2014-02-07,0.002369159460023397
2014-02-10,-0.0012394078205087236
2014-02-11,0.012455237618621553
2014-02-12,0.0006414839021739015
2014-02-13,0.006457772656634261
2014-02-14,0.0032416501076474717
2014-02-18,0.008715426298136137
2014-02-19,-0.025819459906848242
2014-02-20,0.0038623222252535143
2014-02-21,0.006179488286742519
2014-02-24,0.01413721685011066
2014-02-25,-0.008442143533713009
2014-02-26,0.012131766500400246
2014-02-27,0.006041864063553479
2014-02-28,0.006546983591377301
2014-03-03,-0.008420168944284535
2014-03-04,0.027352188623853697
2014-03-05,-0.004323015930532874
2014-03-06,0.004474785186257138
2014-03-07,0.007947904674747694
2014-03-10,0.002248687181004735
2014-03-11,-0.006511601442318229
2014-03-12,0.0034825259926942144
2014-03-13,-0.005065908183861892
2014-03-14,0.003567762300494183
2014-03-17,0.007306688278781297
2014-03-18,0.003907500719469724
2014-03-19,9.192848355713145e-05
2014-03-20,0.016821162832927446
2014-03-21,-0.003330784369994724
2014-03-24,-0.0014582277162157402
2014-03-25,-1.9302461578505143e-05
2014-03-26,-0.013716861631683066
2014-03-27,-0.012579151138872256
2014-03-28,-0.0004708297329782208
2014-03-31,0.01876836195601118
2014-04-01,0.018289390471065044
2014-04-02,7.279588972780391e-05
2014-04-03,0.00023355839092670185
2014-04-04,-0.022779684628056192
2014-04-07,-0.008137869034235587
2014-04-08,-0.002515019204969243
2014-04-09,-0.00037999696803170147
2014-04-10,-0.02682478851735817
2014-04-11,-0.00989115646917161
2014-04-14,0.0018008894679482606
2014-04-15,0.002554169687547088
2014-04-16,0.005563667090540271
2014-04-17,0.00676543597961852
2014-04-21,-0.0014206063277362082
2014-04-22,0.007506667866056691
2014-04-23,-0.0032100843850480718
2014-04-24,-0.01264195573216281
2014-04-25,-0.01658783741725446
2014-04-28,-0.006547367401414571
2014-04-29,-0.006090068646326834
2014-04-30,0.0026106439619524176
2014-05-01,-0.002734075016822353
2014-05-02,0.0035716507376715055
2014-05-05,-0.006786555632725558
2014-05-06,-0.016542710343020683
2014-05-07,0.009796104585600297
2014-05-08,-0.004146276943018225
2014-05-09,0.010886864071994348
2014-05-12,0.019907320686141972
2014-05-13,-0.013368073924948445
2014-05-14,-0.020825521790645417
2014-05-15,-0.007491340432159963
2014-05-16,1.661726060000615e-05
2014-05-19,0.014319909314847234
2014-05-20,-0.012070243117891325
2014-05-21,0.005853014610443937
2014-05-22,0.006413075945874004
2014-05-23,0.007523786785157179
2014-05-27,0.014125086753153833
2014-05-28,-0.006792881281419646
2014-05-29,-0.00048630961249638936
2014-05-30,-0.0015624432722340649
2014-06-02,0.0049726135282311
2014-06-03,0.0017184336186456416
2014-06-04,0.0005028072826944828
2014-06-05,0.02361511187787046
2014-06-06,0.010496120505333547
2014-06-09,0.015895784839541897
2014-06-10,-0.004554616531226799
2014-06-11,-0.007545427437718587
2014-06-12,-0.0023027507730306856
2014-06-13,-0.002542059746686269
2014-06-16,-0.006785902491941156
2014-06-17,0.015533680952844776
2014-06-18,0.0045377020481307245
2014-06-19,-0.005081000105262091
2014-06-20,0.0034509192046581604
2014-06-23,-0.0050998008602539
2014-06-24,-0.006755081551475429
2014-06-25,0.007164003159700253
2014-06-26,0.000587968425050301
2014-06-27,0.0032453698034531375
2014-06-30,-5.7411040993541274e-05
2014-07-01,0.015430572381211653
2014-07-02,-0.009665071738658661
2014-07-03,0.01469868513137826
2014-07-07,-0.012561495694757776
2014-07-08,-0.012747045421686275
2014-07-09,0.0012156816032918027
2014-07-10,-0.011308603966631456
2014-07-11,-0.001216492224989709
2014-07-14,0.0022328879617399943
2014-07-15,0.004936769178220509
2014-07-16,-0.00932809552166545
2014-07-17,-0.020911025815608903
2014-07-18,0.01281110759087485
2014-07-21,-0.006336677262985789
2014-07-22,0.0013523981208284396
2014-07-23,0.0004301775345117465
2014-07-24,0.007129743596361618
2014-07-25,-0.0013493362721559638
2014-07-28,-0.004776896352531093
2014-07-29,0.0008934407337286561
2014-07-30,0.010875083429085542
2014-07-31,-0.013780139683512535
2014-08-01,-0.011776548646335927
2014-08-04,-0.0004625027611589728
2014-08-05,-0.0029202175793532404
2014-08-06,0.006801171910155513
2014-08-07,-0.007634727901311915
2014-08-08,0.006581196646863685
2014-08-11,0.005864676797916164
2014-08-12,-0.005051984807210818
2014-08-13,0.007476338947456129
2014-08-14,-0.00048602610046369663
2014-08-15,-0.006334756893995499
2014-08-18,0.01726405081930702
2014-08-19,0.00036761458965428725
2014-08-20,-0.0037021152641108614
2014-08-21,0.013545247453304213
2014-08-22,0.0016105499280418055
2014-08-25,0.004800712116823827
2014-08-26,0.006427795042051525
2014-08-27,-0.0050120072429302295
2014-08-28,-0.007912345165839213
2014-08-29,0.005841311084257008
2014-09-02,0.01263398685624532
2014-09-03,-0.005976742085308771
2014-09-04,-0.0026665136945137453
2014-09-05,0.0002948071367354226
2014-09-08,0.0037043059222366206
2014-09-09,-0.009098540494360484
2014-09-10,0.012677921667867445
2014-09-11,0.0055780980557573944
2014-09-12,-0.00015521534006503142
2014-09-15,-0.010270220319825772
2014-09-16,-0.005016263854043643
2014-09-17,0.00264557065123094
2014-09-18,0.0159630795382102
2014-09-19,-0.008835058320984523
2014-09-22,-0.011072167809358371
2014-09-23,-0.010155618316619625
2014-09-24,0.004004681777008888
2014-09-25,-0.01455126332620864
2014-09-26,0.006179989458048576
2014-09-29,-0.003659451292997424
2014-09-30,-0.009035486714061782
2014-10-01,-0.008966754669243963
2014-10-02,0.008768892818604369
2014-10-03,0.009530343210501014
2014-10-06,-0.006260885851242592
2014-10-07,-0.015032467846390741
2014-10-08,0.021079460734283365
2014-10-09,-0.02596594843549553
2014-10-10,-0.003684157819321085
2014-10-13,0.010880807342518346
2014-10-14,0.009520787802673156
2014-10-15,-0.01871622102451035
2014-10-16,0.012560212215292707
2014-10-17,-0.001838933200588993
2014-10-20,0.006634376566751055
2014-10-21,0.018694480641399468
2014-10-22,-0.010060805524219285
2014-10-23,0.011791065876369787
2014-10-24,0.003050280462471402
2014-10-27,0.003829106712324524
2014-10-28,0.029282319869072093
2014-10-29,0.006806418108694347
2014-10-30,0.006367239685035351
2014-10-31,0.01729350573596828
2014-11-03,-0.002126472262314513
2014-11-04,-0.0033483985298287606
2014-11-05,0.0040635535321579186
2014-11-06,0.00489016118281132
2014-11-07,-0.000339000007596431
2014-11-10,0.008285739388869158
2014-11-11,-0.0030570532088541385
2014-11-12,0.008313336453664926
2014-11-13,-0.009926078155217523
2014-11-14,-0.003394140502843988
2014-11-17,-0.008911915268488375
2014-11-18,0.000124935113595171
2014-11-19,-0.011100744793426662
2014-11-20,0.0058175247097383
2014-11-21,-0.006198310736872707
2014-11-24,0.013597979223599975
2014-11-25,0.0005440724699424334
2014-11-26,0.0009611291488713833
2014-11-28,-0.020107528204874832
2014-12-01,-0.02001949237161678
2014-12-02,0.014688407759978105
2014-12-03,0.01121974593323443
2014-12-04,-0.0004728963466723598
2014-12-05,0.016968622073781317
2014-12-08,-0.0049196229366167965
2014-12-09,0.013911489584905781
2014-12-10,-0.029128533914416905
2014-12-11,0.0045886372221638485
2014-12-12,-0.014906794448976614
2014-12-15,-0.00759164818373526
2014-12-16,0.004687731554613024
2014-12-17,0.025173067228265185
2014-12-18,0.013911184846733928
2014-12-19,-0.006519554724057153
2014-12-22,0.006267601370560947
2014-12-23,0.006962055573669387
2014-12-24,-0.001874118363423488
2014-12-26,0.003995342287494984
2014-12-29,0.007769574159341803
2014-12-30,-0.0007979774160309496
2014-12-31,-0.008472133898714365
2015-01-02,-0.01142038956561749
2015-01-05,-0.025597210544143056
2015-01-06,-0.025311426372229388
2015-01-07,0.007665211773375911
2015-01-08,0.01728237217180424
2015-01-09,-0.025227766809867155
2015-01-12,-0.010543362117190726
2015-01-13,-0.00014309010180556538
2015-01-14,-0.013326569434898863
2015-01-15,-0.01284323449350107
2015-01-16,0.02047294336425902
2015-01-20,-0.007395570543254135
2015-01-21,-0.0038748359488267555
2015-01-22,0.04150867167184299
2015-01-23,-0.010645244187932562
2015-01-26,0.008439196025637082
2015-01-27,-0.010506625851112335
2015-01-28,-0.024617489392480908
2015-01-29,0.019007860539740778
2015-01-30,-0.021883880434487153
2015-02-02,0.02714190490487906
2015-02-03,0.0209426387945773
2015-02-04,-0.00523711237939786
2015-02-05,0.020679967925152972
2015-02-06,0.014364311963822316
2015-02-09,-0.013998031087622447
2015-02-10,0.0035789233246503
2015-02-11,-0.003489336593768132
2015-02-12,0.01783413772917253
2015-02-13,0.004082752676719066
2015-02-17,0.005960274783817877
2015-02-18,-0.012580777853431997
2015-02-19,-0.001193445917236378
2015-02-20,0.0052733993027750834
2015-02-23,-0.0031710391977547037
2015-02-24,0.00668062693435845
2015-02-25,-0.0025524051187156916
2015-02-26,0.005707821112595789
2015-02-27,-0.00809838884463155
2015-03-02,0.009747473649368149
2015-03-03,-0.006544026308712923
2015-03-04,-0.006904127663920781
2015-03-05,0.004353712835095413
2015-03-06,0.005170715030157774
2015-03-09,0.009006891621088814
2015-03-10,-0.017967395851645113
2015-03-11,0.009436238103073565
2015-03-12,0.02538948553529865
2015-03-13,-0.004868848555790698
2015-03-16,0.0027038703644113307
2015-03-17,0.003986225895423365
2015-03-18,-0.007033459672042791
2015-03-19,-0.006365190963993595
2015-03-20,0.015973554357666755
2015-03-23,-0.00545103484075157
2015-03-24,-0.002998669913859589
2015-03-25,-0.015853816438054943
2015-03-26,0.0041598827490852315
2015-03-27,-0.0009554523133082626
2015-03-30,0.01635583890731673
2015-03-31,-0.003727152481063181
2015-04-01,-0.00037339721295084574
2015-04-02,0.004755907278184248
2015-04-06,-0.004223307656763882
2015-04-07,-2.2082980960837923e-05
2015-04-08,0.0004691502001103647
2015-04-09,-0.0023360884642620525
2015-04-10,0.0006950568648967029
2015-04-13,0.008230355198741124
2015-04-14,-0.004548448689857462
2015-04-15,0.011001778796203787
2015-04-16,3.246465721032561e-05
2015-04-17,-0.019208466079874437
2015-04-20,0.010772603121224465
2015-04-21,-0.00026813709929598143
2015-04-22,0.0051647716615205435
2015-04-23,-0.00018870265434897608
2015-04-24,-0.004372601513272539
2015-04-27,-0.006206229936139589
2015-04-28,0.016242956767364716
2015-04-29,0.0011740598096853618
2015-04-30,-0.012857218011306503
2015-05-01,-0.0060977377037433125
2015-05-04,0.008681508922618267
2015-05-05,-0.006730298462748043
2015-05-06,0.0063395957294026485
2015-05-07,-0.0005169567311811791
2015-05-08,0.006852572607973413
2015-05-11,0.006564871710840915
2015-05-12,0.0026355491692151055
2015-05-13,0.004549841686485146
2015-05-14,0.006227654699368385
2015-05-15,-0.012322143980818687
2015-05-18,0.016885877475603488
2015-05-19,0.007406215395696264
2015-05-20,-0.0023012772237476146
2015-05-21,-0.0012852125668510823
2015-05-22,-0.005697656835724058
2015-05-26,-0.007843323225219452
2015-05-27,0.011491513129510935
2015-05-28,0.001461506257777969
2015-05-29,-0.005626245465417767
2015-06-01,-0.0005763406761793239
2015-06-02,0.008456889042580112
2015-06-03,0.014492769871581858
2015-06-04,-0.008967498946445392
2015-06-05,0.0177082091787933
2015-06-08,-0.0010548181724434847
2015-06-09,0.007935001325968829
2015-06-10,0.016679827032857218
2015-06-11,-0.00022760713772562157
2015-06-12,-0.001149606588815355
2015-06-15,-0.0031803774324725923
2015-06-16,0.00988500414623654
2015-06-17,-0.015732234343071593
2015-06-18,0.007761047035937551
2015-06-19,0.002191150850991765
2015-06-22,0.012310517737515698
2015-06-23,0.0108877172221783
2015-06-24,-0.004922310383739941
2015-06-25,0.0028870672514750358
2015-06-26,0.005900346773797898
2015-06-29,-0.02339234450349788
2015-06-30,0.004654021455942702
2015-07-01,0.011191784266600021
2015-07-02,-0.01601333725589485
2015-07-06,0.002639144127098021
2015-07-07,-0.011494457254788315
2015-07-08,-0.008472685436261843
2015-07-09,0.011418328254725092
2015-07-10,0.0158594399286245
2015-07-13,0.007349428917368584
2015-07-14,0.0036087229382885857
2015-07-15,0.003833919581510086
2015-07-16,0.0018580738861943428
2015-07-17,-0.0084213757810881
2015-07-20,0.004384071172313585
2015-07-21,-0.004890201310571364
2015-07-22,0.011376068141478218
2015-07-23,-0.016532651604738113
2015-07-24,-0.012770644486264651
2015-07-27,-0.008621026598712818
2015-07-28,0.0018665240246802408
2015-07-29,0.004596102616441057
2015-07-30,0.0018992420745396056
2015-07-31,0.00047077959289452596
2015-08-03,-0.0006914084258153329
2015-08-04,0.002270036181964774
2015-08-05,0.007017477184003646
2015-08-06,-0.005853455058355331
2015-08-07,-0.0061166237123175555
2015-08-10,0.01416972728932007
2015-08-11,-0.011410746420181505
2015-08-12,-0.01739826342714279
2015-08-13,0.004286212476869212
2015-08-14,0.012690387800130725
2015-08-17,0.00215059740991816
2015-08-18,-0.0032825500341968064
2015-08-19,-0.011805457854612046
2015-08-20,-0.027563709135989104
2015-08-21,-0.010722792463164686
2015-08-24,-0.048867838034231836
2015-08-25,-0.0139694737197043
2015-08-26,0.033890922246688535
2015-08-27,0.01667043109431474
2015-08-28,0.0033311593806584876
2015-08-31,0.00665304957221116
2015-09-01,-0.03514368637895438
2015-09-02,0.017100159904297085
2015-09-03,0.003478803828676717
2015-09-04,-0.006768948658749256
2015-09-08,0.024758094462611693
2015-09-09,-0.005771990674057752
2015-09-10,0.008256798134413258
2015-09-11,0.0012428440254570834
2015-09-14,0.0022218252173521
2015-09-15,0.013062304552785573
2015-09-16,0.002605530492312118
2015-09-17,-0.02035349959200226
2015-09-18,-0.019695395624542866
2015-09-21,0.01306386783400339
2015-09-22,-0.010239995001676128
2015-09-23,0.004463236516463917
2015-09-24,0.007420974561668283
2015-09-25,0.004983580971419298
2015-09-28,-0.013695670280609475
2015-09-29,0.0019808892244989195
2015-09-30,0.01179883658445744
2015-10-01,-0.0005527868143647606
2015-10-02,-0.011687037977595406
2015-10-05,0.020863576916185282
2015-10-06,-0.004089212552116764
2015-10-07,0.01924777085568147
2015-10-08,0.008867275610967304
2015-10-09,-0.00870006057126297
2015-10-12,0.009126378534673938
2015-10-13,-0.008598048205803087
2015-10-14,-0.026181733040642325
2015-10-15,0.0207833680692672
2015-10-16,0.002411417941086629
2015-10-19,0.0011566491518278624
2015-10-20,0.008232847803385682
2015-10-21,-0.01510451335120766
2015-10-22,0.017975504649808863
2015-10-23,0.022674897476749625
2015-10-26,-0.004382306345088818
2015-10-27,-0.012718660005470004
2015-10-28,0.0423703734776216
2015-10-29,-0.005820827361421114
2015-10-30,-0.01963627223913587
2015-11-02,0.017781039216328304
2015-11-03,0.002115059769434796
2015-11-04,0.0028801514897067175
2015-11-05,0.015161940587875884
2015-11-06,0.027794431353857008
2015-11-09,-0.006700004055139034
2015-11-10,0.00270759134768731
2015-11-11,-0.006788429628278029
2015-11-12,-0.020086985906423993
2015-11-13,-0.011911862993860212
2015-11-16,0.010599208919154198
2015-11-17,0.0023116868227043754
2015-11-18,0.012605442741392579
2015-11-19,-0.0021123839402933664
2015-11-20,0.0060208781103132545
2015-11-23,0.0028616445869918813
2015-11-24,0.005021124517815615
2015-11-25,0.0013660679707984975
2015-11-27,0.0016971528272087311
2015-11-30,-0.00011458188302667644
2015-12-01,0.004306251509606031
2015-12-02,-0.017169970831260224
2015-12-03,-0.015385238692719749
2015-12-04,0.01668134602049871
2015-12-07,-0.018899260262397057
2015-12-08,-0.017434887516618716
2015-12-09,-0.0142889056270806
2015-12-10,-0.00012386908820914615
2015-12-11,-0.026346617641205803
2015-12-14,0.0006079269609021657
2015-12-15,0.02282081646956974
2015-12-16,0.01159640163956771
2015-12-17,-0.01301841486734475
2015-12-18,-0.020369149967431593
2015-12-21,0.007328122727914595
2015-12-22,0.0058185590169211425
2015-12-23,0.008885077256446924
2015-12-24,0.0033051888990315685
2015-12-28,-0.0023911644812404775
2015-12-29,0.012326586016894568
2015-12-30,-0.010152223400177043
2015-12-31,-0.014230535617707462
2016-01-04,-0.02738818192898549
2016-01-05,0.0025395800982293036
2016-01-06,-0.007137606659766548
2016-01-07,-0.02812769168908197
2016-01-08,-0.017046903369121465
2016-01-11,0.00210363580335129
2016-01-12,-0.00019951223106824795
2016-01-13,-0.03752681984374313
2016-01-14,0.00900491865472446
2016-01-15,-0.02053172156499442
2016-01-19,-0.00825344181480281
2016-01-20,-0.005579285302765683
2016-01-21,-0.013079938669124264
2016-01-22,0.017235373940692453
2016-01-25,-0.03803788073132247
2016-01-26,0.029894790949845765
2016-01-27,0.004931110219701797
2016-01-28,0.01596330971626483
2016-01-29,0.02080938645455745
2016-02-01,-0.006813033249109564
2016-02-02,-0.024574741141728165
2016-02-03,0.003114707900794699
2016-02-04,0.004436419082406815
2016-02-05,-0.018849642952467858
2016-02-08,-0.010652291387719946
2016-02-09,0.0010742039657222807
2016-02-10,-0.008873619339448071
2016-02-11,-0.025600635436978495
2016-02-12,0.03788643842549353
2016-02-16,0.02231608807504432
2016-02-17,-0.002943088214663716
2016-02-18,-0.012424984863564047
2016-02-19,0.007336473930370597
2016-02-22,0.012884830144410001
2016-02-23,-0.01903154679556814
2016-02-24,-0.0009086981483094013
2016-02-25,0.014850876263782103
2016-02-26,0.01726661880260404
2016-02-29,-0.01767787489690346
2016-03-01,0.036799611660284275
2016-03-02,0.012911484900113243
2016-03-03,0.014116192254304239
2016-03-04,0.008562955334069613
2016-03-07,0.005437124522748583
2016-03-08,-0.02313924581762668
2016-03-09,-0.0052733156104201265
2016-03-10,0.004554519703431026
2016-03-11,0.023921435275944054
2016-03-14,-0.006002386684045221
2016-03-15,-0.012194392350985662
2016-03-16,-0.0077750440586570125
2016-03-17,0.018177005186735817
2016-03-18,0.012823211304272952
2016-03-21,-0.002373253444823134
2016-03-22,-0.004272979690533688
2016-03-23,-0.014995534178774288
2016-03-24,-0.002852200829778162
2016-03-28,0.0015626475519621948
2016-03-29,0.008232808756486852
2016-03-30,0.006562787283502048
2016-03-31,-0.005861841486459707
2016-04-01,0.0008604123924299919
2016-04-04,-0.0035648233129895322
2016-04-05,-0.019629997265899903
2016-04-06,0.009633623236987908
2016-04-07,-0.025394508970659015
2016-04-08,0.009220961312222284
2016-04-11,0.00762328580072701
2016-04-12,0.019236031699900315
2016-04-13,0.036393276561950336
2016-04-14,0.005026047390455506
2016-04-15,-0.003022395218510266
2016-04-18,0.007970616283817782
2016-04-19,0.012418294038013217
2016-04-20,0.012533939493709383
2016-04-21,-0.006088706984447744
2016-04-22,0.009594579930785148
2016-04-25,-0.0070656498834919925
2016-04-26,0.012696600055968251
2016-04-27,-0.0025626338937975407
2016-04-28,-0.014440167011374282
2016-04-29,-0.003620511081788966
2016-05-02,0.007527949408895722
2016-05-03,-0.022550996524867598
2016-05-04,-0.013355141460610294
2016-05-05,-0.005894945697853414
2016-05-06,0.0027960334431519256
2016-05-09,-0.002533553139958272
2016-05-10,0.016013692566629784
2016-05-11,-0.006605126976590463
2016-05-12,-0.0014147184615229491
2016-05-13,-0.013464773877006661
2016-05-16,0.014980821804005406
2016-05-17,-0.014671558665703627
2016-05-18,0.03900166184965596
2016-05-19,-0.012276900949113084
2016-05-20,0.012374002031938692
2016-05-23,-0.002608027271106328
2016-05-24,0.023548145732437506
2016-05-25,0.01182347706587962
2016-05-26,-0.007377180529424481
2016-05-27,0.0116225729223721
2016-05-31,-0.0008522239317914037
2016-06-01,0.00442862316505686
2016-06-02,0.0004744355606758684
2016-06-03,-0.01622825299779391
2016-06-06,0.013708620338552932
2016-06-07,-0.00642667741396658
2016-06-08,0.005438484411599668
2016-06-09,-0.01220710926046929
2016-06-10,-0.01195812506322993
2016-06-13,-0.013879318782585
2016-06-14,-0.015709616866231194
2016-06-15,0.0016927385311488812
2016-06-16,-0.00927226094917778
2016-06-17,-0.00125589272616626
2016-06-20,0.015775384777203378
2016-06-21,0.0021284226117080566
2016-06-22,-0.0023026355600515185
2016-06-23,0.03205573348612716
2016-06-24,-0.0662993137791989
2016-06-27,-0.04636556366367421
2016-06-28,0.024598684704625597
2016-06-29,0.025847836282706607
2016-06-30,0.02139295965637848
2016-07-01,-0.012585084168483503
2016-07-05,-0.024339926880627995
2016-07-06,0.007030978318858528
2016-07-07,0.00998422971634206
2016-07-08,0.02015065151259791
2016-07-11,0.014861654420164653
2016-07-12,0.02384028980627864
2016-07-13,-0.0013650507056675834
2016-07-14,0.012671259590385687
2016-07-15,0.004682211467218357
2016-07-18,-0.00414744300089186
2016-07-19,0.00057043756748746
2016-07-20,-0.0011922889272167328
2016-07-21,-0.01293940040044365
2016-07-22,0.014242153554230835
2016-07-25,-0.006900850571827135
2016-07-26,0.005400102317765493
2016-07-27,0.0015549149584775522
2016-07-28,-0.0016151005368751452
2016-07-29,-0.003935761602886493
2016-08-01,-0.007126439069774635
2016-08-02,-0.007130353188711182
2016-08-03,0.010491978963848347
2016-08-04,-0.0001866386552471124
2016-08-05,0.03199216506579101
2016-08-08,-0.003387838954569199
2016-08-09,0.006533512613095369
2016-08-10,-0.010859399716580858
2016-08-11,0.00442003565951925
2016-08-12,-0.00488428185667155
2016-08-15,0.011558260628882511
2016-08-16,-0.002368487080456806
2016-08-17,0.003070359386426182
2016-08-18,0.005445743045087051
2016-08-19,-0.00034850054407546677
2016-08-22,0.0012453141185408412
2016-08-23,0.002222559837831311
2016-08-24,0.0011864032023274614
2016-08-25,0.005818196023585127
2016-08-26,0.00424573712758321
2016-08-29,0.0060619380160307455
2016-08-30,0.009821900037527784
2016-08-31,0.003024100222027128
2016-09-01,-0.004561515098241976
2016-09-02,0.008224545009692025
2016-09-06,-0.014331620395833482
2016-09-07,0.008584794956294132
2016-09-08,0.0012096242538059496
2016-09-09,-0.010253518486354996
2016-09-12,0.0035667954409154333
2016-09-13,-0.015317149296370389
2016-09-14,-0.00879050501286372
2016-09-15,0.00996502042871117
2016-09-16,-0.006067502033363084
2016-09-19,0.0029734188429682354
2016-09-20,4.2713703286014694e-05
2016-09-21,0.0069335396078435444
2016-09-22,0.011832756410887792
2016-09-23,-0.004912542157914868
2016-09-26,-0.020525666529297087
2016-09-27,0.008004782468414736
2016-09-28,0.010462285016208672
2016-09-29,-0.016172561907469202
2016-09-30,0.016324119783232467
2016-10-03,-0.009634128305966562
2016-10-04,0.006982472293603501
2016-10-05,0.018849026360811753
2016-10-06,0.0010449535885595587
2016-10-07,-0.0012546229911027443
2016-10-10,0.008458372021245296
2016-10-11,-0.010053053956460258
2016-10-12,0.00047196211515926367
2016-10-13,-0.021732164485334465
2016-10-14,0.007494246422084704
2016-10-17,-0.005962593040249212
2016-10-18,0.007037586445097772
2016-10-19,0.013414615800992992
2016-10-20,-0.000278753793881886
2016-10-21,0.0024014120082290432
2016-10-24,0.007747755615774786
2016-10-25,-0.0016560923286359913
2016-10-26,-0.0037711371107473075
2016-10-27,0.004748489754213211
2016-10-28,-0.007989416947100647
2016-10-31,0.007972981848794958
2016-11-01,-0.006713477862421452
2016-11-02,-0.01706941305475269
2016-11-03,0.004119359000467446
2016-11-04,-0.001454906440300821
2016-11-07,0.029235834667918993
2016-11-08,-0.0027400748966634227
2016-11-09,0.052062820589453225
2016-11-10,0.04202820109350447
2016-11-11,0.031170792238084805
2016-11-14,0.02127440526822091
2016-11-15,0.003929888553601398
2016-11-16,-0.009408995910954015
2016-11-17,0.009725274831355487
2016-11-18,0.010610328204160023
2016-11-21,0.0020673390252962096
2016-11-22,0.012379634342624662
2016-11-23,0.006762896464505082
2016-11-25,-0.0006737465322228483
2016-11-28,-0.017807603115440655
2016-11-29,0.005488992432625414
2016-11-30,0.008359807897467311
2016-12-01,0.018795245375355027
2016-12-02,-0.008146965079146546
2016-12-05,0.01974228714036184
2016-12-06,0.01557442000653874
2016-12-07,0.009481016308404732
2016-12-08,0.01981291936327131
2016-12-09,0.004217846836096048
2016-12-12,-0.02404401309013018
2016-12-13,0.004202492682099605
2016-12-14,-0.007906421246134748
2016-12-15,0.012344826262974134
2016-12-16,-0.009211938975246307
2016-12-19,0.003916230009442281
2016-12-20,0.017507657475935252
2016-12-21,-0.0012258665263945392
2016-12-22,-0.00016339022010777296
2016-12-23,0.001604457030377071
2016-12-27,0.0058791229213174985
2016-12-28,-0.006633058737325441
2016-12-29,-0.005915304139489327
2016-12-30,-0.00018045617356515583
2017-01-03,0.0020519525860253057
2017-01-04,0.013431988822984187
2017-01-05,-0.0177003287124077
2017-01-06,0.0011820757157601047
2017-01-09,-0.016269239387444828
2017-01-10,0.01191501774612661
2017-01-11,0.007910827049803223
2017-01-12,-0.019698877542459702
2017-01-13,0.009176937555505487
2017-01-17,-0.032306626321856165
2017-01-18,0.008911660750322445
2017-01-19,-0.005731187204569031
2017-01-20,0.0089791119615944
2017-01-23,-0.004095129657641056
2017-01-24,0.020876107397987738
2017-01-25,0.016335967138613648
2017-01-26,0.004831953891705138
2017-01-27,-0.009489932574161173
2017-01-30,-0.01848744005742133
2017-01-31,0.0006115672028673829
2017-02-01,-0.004390416508028112
2017-02-02,-0.013019571394833415
2017-02-03,0.027864749115194758
2017-02-06,-0.01068954713446651
2017-02-07,-0.00432914375857779
2017-02-08,-0.012627904494281274
2017-02-09,0.01647282843564627
2017-02-10,0.004848879613324526
2017-02-13,0.010873719200660159
2017-02-14,0.014841283008381442
2017-02-15,0.004464236032000543
2017-02-16,0.0007415310823502329
2017-02-17,-0.0011817396781693328
2017-02-21,0.005587709543434305
2017-02-22,0.0018615901036797852
2017-02-23,0.0007218520640278589
2017-02-24,-0.008590435964852653
2017-02-27,0.005826002614453563
2017-02-28,-0.012555471315343509
2017-03-01,0.030499046736827302
2017-03-02,-0.025229625545285884
2017-03-03,0.005890705337811635
2017-03-06,-0.005931431564961004
2017-03-07,-0.00395028306744524
2017-03-08,-0.008766484490661546
2017-03-09,-0.0011008736610476023
2017-03-10,-0.0036521220992667904
2017-03-13,0.0033245174897840197
2017-03-14,-0.0013530504738207458
2017-03-15,-0.0032331932771550416
2017-03-16,0.011082897525593001
2017-03-17,0.0025653251151725362
2017-03-20,-0.015498359604091936
2017-03-21,-0.053989736639655186
2017-03-22,-0.004962003774794513
2017-03-23,0.009918997235774584
2017-03-24,0.002455970558610798
2017-03-27,-0.0036637640273997417
2017-03-28,0.015181860891052123
2017-03-29,-0.003878954031663204
2017-03-30,0.031531461348710314
2017-03-31,-0.010834213553309355
2017-04-03,-0.010001686797842458
2017-04-04,-0.000860105715790745
2017-04-05,-0.019820254953385425
2017-04-06,0.011954274777445732
2017-04-07,-0.001830198890849051
2017-04-10,-0.005779587135092124
2017-04-11,0.009359324315170106
2017-04-12,-0.014681975565189907
2017-04-13,-0.021556749098836855
2017-04-17,0.01844478642378253
2017-04-18,-0.0002500426956670009
2017-04-19,0.008656087409187194
2017-04-20,0.02113800648096902
2017-04-21,-0.0005474227258341229
2017-04-24,0.024714283687087425
2017-04-25,0.0058386193792443015
2017-04-26,0.014604586831327213
2017-04-27,-0.012003783690247505
2017-04-28,-0.02387481078640102
2017-05-01,0.01087720167467439
2017-05-02,-0.0070593601104733915
2017-05-03,0.006138443555781475
2017-05-04,0.004274136430640104
2017-05-05,-0.0033061959827905426
2017-05-08,0.002454700403531985
2017-05-09,-0.006808147884847117
2017-05-10,-0.002466821045259668
2017-05-11,-0.017444873207744894
2017-05-12,-0.005747813293623081
2017-05-15,0.009921074022417622
2017-05-16,0.002416418475650476
2017-05-17,-0.04221257714489633
2017-05-18,0.007596439873814173
2017-05-19,-0.000540215790481737
2017-05-22,0.005961280654727095
2017-05-23,0.013433570859199117
2017-05-24,-0.004808808845692617
2017-05-25,-0.0019276107314446357
2017-05-26,-0.005471748976928364
2017-05-30,-0.010967696227051505
2017-05-31,-0.005957482791033379
2017-06-01,0.017504901742067012
2017-06-02,-0.001519250871546746
2017-06-05,-0.0032171048870296183
2017-06-06,-0.00718420188880162
2017-06-07,0.010253576309054008
2017-06-08,0.029832951588104513
2017-06-09,0.034728239354903684
2017-06-12,-0.004062174455046179
2017-06-13,0.003395633265151188
2017-06-14,-0.0015677412826290346
2017-06-15,-0.0035939153645136073
2017-06-16,-0.006190102786869026
2017-06-19,-0.000751804833138309
2017-06-20,-0.015094270851056522
2017-06-21,-0.013307633734457395
2017-06-22,-0.006340916900412854
2017-06-23,-0.001214372614421227
2017-06-26,0.00601655963626594
2017-06-27,0.004138046293184527
2017-06-28,0.017681175944589938
2017-06-29,0.013863025243973965
2017-06-30,-0.00629696231530281
2017-07-03,0.019597484041940418
2017-07-05,-0.003267559170956208
2017-07-06,-0.010463048348439655
2017-07-07,0.009136925771101057
2017-07-10,-0.009539636729689882
2017-07-11,-0.0027246008875497995
2017-07-12,0.001529748849359212
2017-07-13,0.001746922859663746
2017-07-14,-0.007293840835070145
2017-07-17,0.00014678253866439055
2017-07-18,-0.0034975962115605646
2017-07-19,-4.165376608358998e-05
2017-07-20,-0.00022785280789817443
2017-07-21,-0.008006074256910503
2017-07-24,0.006815704725795566
2017-07-25,0.01934609407051796
2017-07-26,-0.0185468758224402
2017-07-27,-0.003714973416818843
2017-07-28,-0.006868585763460464
2017-07-31,0.005094440167885737
2017-08-01,0.007316214866474361
2017-08-02,-0.002244373608723593
2017-08-03,-0.008592072934136255
2017-08-04,0.006800698434409797
2017-08-07,-0.0059918464331227906
2017-08-08,0.0022761503230658434
2017-08-09,-0.01211254807430478
2017-08-10,-0.02238766650615868
2017-08-11,-0.009168192954072224
2017-08-14,0.02445964631898497
2017-08-15,-0.006711152786781178
2017-08-16,-0.0019156765786242896
2017-08-17,-0.026900991138304218
2017-08-18,0.001422343399944378
2017-08-21,0.00014401831182602135
2017-08-22,0.008839948431968992
2017-08-23,-8.35235240163924e-05
2017-08-24,0.004217131043277842
2017-08-25,0.005315373963366063
2017-08-28,-0.005876467196902325
2017-08-29,-0.005401854313362914
2017-08-30,0.003864223998345502
2017-08-31,0.0006224290445499636
2017-09-01,0.006458235535255089
2017-09-05,-0.02743126039957681
2017-09-06,0.0006615557882030414
2017-09-07,-0.024879693194191296
2017-09-08,0.012416546250163307
2017-09-11,0.023983373286806647
2017-09-12,0.022312655931914463
2017-09-13,0.0032225400773827576
2017-09-14,-0.009648888586442906
2017-09-15,0.004371640185089353
2017-09-18,0.014814085093060371
2017-09-19,0.005237453469934861
2017-09-20,0.014972540445715086
2017-09-21,0.0036696582563477656
2017-09-22,0.003952849358079783
2017-09-25,0.0018134150749512202
2017-09-26,0.008416567791332787
2017-09-27,0.027555431414001148
2017-09-28,0.005668162625724682
2017-09-29,0.003924574086015857
2017-10-02,0.009393194601365874
2017-10-03,-0.0008266190153068079
2017-10-04,-0.012648663689295308
2017-10-05,0.01050968274500445
2017-10-06,0.0008693575873293174
2017-10-09,-0.0019140220044770921
2017-10-10,0.009622066783691588
2017-10-11,-0.003847512562211468
2017-10-12,-0.005019116995940015
2017-10-13,-0.005170068300070181
2017-10-16,0.008740214872194665
2017-10-17,-0.013035534131657226
2017-10-18,0.009604936926945248
2017-10-19,0.004811304557581277
2017-10-20,0.006930582770671505
2017-10-23,-0.012891989424345798
2017-10-24,0.006867844139387172
2017-10-25,-0.0005382072494007317
2017-10-26,0.008614470736464944
2017-10-27,0.00855824318548523
2017-10-30,-0.021801390783779122
2017-10-31,0.002516057913082465
2017-11-01,-0.0055283829920612666
2017-11-02,0.011397367823448823
2017-11-03,-0.00413506509238325
2017-11-06,-0.0031093490827261015
2017-11-07,-0.027248135517851598
2017-11-08,-0.007194361955080502
2017-11-09,-0.008492516184781179
2017-11-10,0.0002085021776955827
2017-11-13,0.011683167574884605
2017-11-14,0.0036996702048516326
2017-11-15,0.0009389169747020087
2017-11-16,0.0044801487328272665
2017-11-17,0.0046182159567367854
2017-11-20,0.00984736563796343
2017-11-21,0.005226055679128502
2017-11-22,-0.0039892935345923934
2017-11-24,-0.0062510517972451446
2017-11-27,0.0010252211841645955
2017-11-28,0.03237461923390701
2017-11-29,0.03291484754529768
2017-11-30,-0.012926232738873625
2017-12-01,-0.0027822276618066095
2017-12-04,0.013194477121203326
2017-12-05,-0.020898193128373984
2017-12-06,-0.005859690083719591
2017-12-07,0.001999564355634765
2017-12-08,-0.0056193647151373035
2017-12-11,-0.009006858108255265
2017-12-12,0.009754542431389505
2017-12-13,-0.0037022567815472055
2017-12-14,-0.01152006796610993
2017-12-15,0.024798335649250283
2017-12-18,0.015010117563183031
2017-12-19,-0.004891198758733886
2017-12-20,-0.004351772215949468
2017-12-21,0.011968428142020654
2017-12-22,-0.005361588464678131
2017-12-26,-0.008606334331091937
2017-12-27,-0.004076489957020672
2017-12-28,0.005208033506054376
2017-12-29,-0.011167531103011961
2018-01-02,0.001564292429394253
2018-01-03,-0.0009885224954572925
2018-01-04,0.00413054947852981
2018-01-05,0.008238052335623991
2018-01-08,-0.00041568473925245205
2018-01-09,0.009612898331436314
2018-01-10,0.010306802270391715
2018-01-11,0.01734941753167663
2018-01-12,0.004737193120584903
2018-01-16,-0.008050951463899073
2018-01-17,0.007892779074971634
2018-01-18,-0.009130309218183702
2018-01-19,0.012138186230380472
2018-01-22,0.0008554535857208003
2018-01-23,0.0012955741361712083
2018-01-24,-0.0034585794152351503
2018-01-25,-0.0025589324060586245
2018-01-26,0.0018623919826625
2018-01-29,-0.006807032908935391
2018-01-30,-0.006946948381400018
2018-01-31,-0.0013985568410616403
2018-02-01,0.013161664576823261
2018-02-02,-0.010009750945389273
2018-02-05,-0.04353023331160672
2018-02-06,0.008871062380768532
2018-02-07,0.00591231338063732
2018-02-08,-0.030717086818465453
2018-02-09,0.018128933377554626
2018-02-12,0.004894523449757274
2018-02-13,0.0022592599279334814
2018-02-14,0.023683050230035477
2018-02-15,0.0041124737596919675
2018-02-16,0.008482010942359251
2018-02-20,-0.010155899820435743
2018-02-21,0.00903260261664451
2018-02-22,-0.016643990955726988
2018-02-23,0.014354005155518759
2018-02-26,0.005946406255590983
2018-02-27,-0.015974753974216563
2018-02-28,-0.01695571838136914
2018-03-01,0.0023226470908706874
2018-03-02,0.015863531094026308
2018-03-05,0.01129771619768277
2018-03-06,0.012628317302000844
2018-03-07,0.006429014410303516
2018-03-08,-0.007325146358534149
2018-03-09,0.018203894063720673
2018-03-12,-0.0005250772155968095
2018-03-13,-0.005569623270902055
2018-03-14,-0.013298990799088231
2018-03-15,0.005822352556713287
2018-03-16,0.004488953534271735
2018-03-19,-0.004880074670386069
2018-03-20,-0.003904603426464385
2018-03-21,0.001044645267450229
2018-03-22,-0.03323930486216845
2018-03-23,-0.03493168554909246
2018-03-26,0.03211861975314412
2018-03-27,-0.022224844942933794
2018-03-28,0.010238549369826194
2018-03-29,0.004779897899814133
2018-04-02,-0.019129883721415167
2018-04-03,0.013803884044434361
2018-04-04,0.010940881112509352
2018-04-05,0.0070202732486814474
2018-04-06,-0.025539915122478055
2018-04-09,0.0005992292226125415
2018-04-10,0.01987274321712584
2018-04-11,-0.005680232447532994
2018-04-12,0.015808467440296108
2018-04-13,-0.014413828234043814
2018-04-16,0.008160999332927335
2018-04-17,-0.01038130848174667
2018-04-18,-0.0039458925640303046
2018-04-19,0.020296275383820773
2018-04-20,0.003700435313127071
2018-04-23,0.007836927180168115
2018-04-24,0.0076876632443315445
2018-04-25,-0.0031753503151631182
2018-04-26,-0.004395861511020231
2018-04-27,0.005051998877190928
2018-04-30,-0.01566401373816563
2018-05-01,0.006976356510052153
2018-05-02,0.002742779495547985
2018-05-03,-0.010276255927394678
2018-05-04,0.012958544240147033
2018-05-07,0.005182600640068987
2018-05-08,0.009800877159175913
2018-05-09,0.008734891206662624
2018-05-10,0.0030675161332332458
2018-05-11,-0.00020752008296422465
2018-05-14,-0.005277696305085665
2018-05-15,0.007601877882641948
2018-05-16,0.006073031333854402
2018-05-17,0.005375159368792623
2018-05-18,-0.006307318276307723
2018-05-21,0.013215387695967458
2018-05-22,0.0024005025327288668
2018-05-23,-0.00295671548493883
2018-05-24,-0.005450507327934875
2018-05-25,-0.0016592438902259705
2018-05-29,-0.02017517874560845
2018-05-30,0.01746500042262163
2018-05-31,-0.009603495887074064
2018-06-01,0.01251473118277476
2018-06-04,0.009275400307945294
2018-06-05,-0.002752186230692276
2018-06-06,0.017739171007207052
2018-06-07,-0.0016073398967622343
2018-06-08,0.0010434969576719759
2018-06-11,-0.01175785109366938
2018-06-12,-0.008619625743474055
2018-06-13,-0.0022434330733481374
2018-06-14,-0.0015092306530362992
2018-06-15,-0.00279280424642724
2018-06-18,0.0011603510706989545
2018-06-19,0.008780162962742281
2018-06-20,0.0022925451442277153
2018-06-21,-0.004354976220327957
2018-06-22,-0.006834877526872836
2018-06-25,-0.009824045597024
2018-06-26,-0.0017244436913704919
2018-06-27,-0.022327360715552046
2018-06-28,0.00228733782428249
2018-06-29,-0.007545773126967568
2018-07-02,0.009584639923886758
2018-07-03,-0.003684034741500368
2018-07-05,0.005811451213298092
2018-07-06,0.005935310453921615
2018-07-09,0.019637105334102792
2018-07-10,-0.01339685595317769
2018-07-11,-0.004359735116755671
2018-07-12,-0.009420298264862518
2018-07-13,-0.009748344373127216
2018-07-16,0.012975425249726214
2018-07-17,-0.002248748045698347
2018-07-18,0.009767316666529328
2018-07-19,0.0029284942507192993
2018-07-20,0.009278459939571004
2018-07-23,0.015588275220187723
2018-07-24,-0.008409745987938016
2018-07-25,-0.009501812416119908
2018-07-26,0.005979927947553293
2018-07-27,-0.006622027949562903
2018-07-30,-0.005538124627199009
2018-07-31,-0.0063892432655721495
2018-08-01,0.012406483032323161
2018-08-02,0.007864009573821214
2018-08-03,-0.00970702742351913
2018-08-06,0.0006189254600452198
2018-08-07,0.0016879984720508943
2018-08-08,0.0047791227256515955
2018-08-09,-0.0038547504079125476
2018-08-10,-0.0037924100747476898
2018-08-13,-0.0046405215308715055
2018-08-14,0.013248051046458757
2018-08-15,-0.011596978989440173
2018-08-16,0.01425216862666782
2018-08-17,0.0024909366343355576
2018-08-20,0.002934395523763109
2018-08-21,0.011438423707573855
2018-08-22,-0.001462136542414983
2018-08-23,-0.005289435809774413
2018-08-24,-0.0028949487050732702
2018-08-27,-0.0002773324972869966
2018-08-28,-0.006189578807146355
2018-08-29,-0.0010092271367301373
2018-08-30,-0.004211245385548327
2018-08-31,0.006653058258796361
2018-09-04,0.0027216518075847715
2018-09-05,-0.00033894887441901717
2018-09-06,-0.005571708667385403
2018-09-07,0.001408058357471457
2018-09-10,-0.002499181572043484
2018-09-11,0.00010819181329883225
2018-09-12,-0.014263299738728431
2018-09-13,-0.008107601424128901
2018-09-14,0.010249875943648705
2018-09-17,-0.00670778970938298
2018-09-18,-0.004135121988229402
2018-09-19,0.009177956777951359
2018-09-20,0.013054607166412144
2018-09-21,-0.005671274638970982
2018-09-24,-0.014591176410062147
2018-09-25,-0.0014301855443537871
2018-09-26,-0.018440476082367974
2018-09-27,-0.007491101047076398
2018-09-28,0.0003126515363150373
2018-10-01,-0.010122094327422886
2018-10-02,-0.005738921089241735
2018-10-03,0.025837912573398247
2018-10-04,0.0010393601898896114
2018-10-05,-0.007500934100240279
2018-10-08,0.008364767469983186
2018-10-09,-0.0025206226365021302
2018-10-10,-0.013571678286243045
2018-10-11,-0.029787363488321852
2018-10-12,-0.021508847593170257
2018-10-15,0.00489035734691026
2018-10-16,0.00672182221974291
2018-10-17,0.004203182494721387
2018-10-18,-0.01575194258432081
2018-10-19,-0.01311646434457435
2018-10-22,-0.023202618281427438
2018-10-23,-0.0017174781676268635
2018-10-24,-0.044376098546774316
2018-10-25,0.030565873281107086
2018-10-26,-0.006849786318599548
2018-10-29,0.01967020844027446
2018-10-30,0.008889149783936607
2018-10-31,0.003924680008415349
2018-11-01,0.010296104920334188
2018-11-02,0.007117982992095097
2018-11-05,0.0019071700934897486
2018-11-06,0.00607769966229395
2018-11-07,0.0054057192815567595
2018-11-08,0.004918733977103179
2018-11-09,-0.00983444708035927
2018-11-12,-0.010238019688198345
2018-11-13,0.0056089817503106425
2018-11-14,-0.01881207728340213
2018-11-15,0.01959906124115527
2018-11-16,0.0012480309591830574
2018-11-19,-0.004072898894452286
2018-11-20,-0.017224397916935932
2018-11-21,0.004473317573499778
2018-11-23,-0.0008199677345719134
2018-11-26,0.014420494819070862
2018-11-27,-0.004824831395599405
2018-11-28,0.014447466705556813
2018-11-29,-0.006401801393040938
2018-11-30,0.011956000988221747
2018-12-03,-0.000994237857223305
2018-12-04,-0.05719865423722982
2018-12-06,-0.008972034835463206
2018-12-07,-0.00792295536941976
2018-12-10,-0.017204138087006975
2018-12-11,-0.009732002047765625
2018-12-12,0.01726500442865866
2018-12-13,-0.024952344924594985
2018-12-14,-0.016069536876316872
2018-12-17,-0.007200274325551224
2018-12-18,-0.013281644753227123
2018-12-19,-0.02923751320977521
2018-12-20,-0.0007278698289136437
2018-12-21,-0.011929533000862233
2018-12-24,-0.019343381524581964
2018-12-26,0.0442779038663725
2018-12-27,-0.00612726895517667
2018-12-28,0.012100790146825139
2018-12-31,0.005411455245603731
2019-01-02,0.015791353686950893
2019-01-03,-0.004517851916604771
2019-01-04,0.03253856872171928
2019-01-07,0.005797135587516853
2019-01-08,0.009295358214724747
2019-01-09,0.005598838851301288
2019-01-10,-0.002177621883393768
2019-01-11,0.0019414721831875826
2019-01-14,0.0007546978387465772
2019-01-15,0.003940658226185495
2019-01-16,0.023698562676024795
2019-01-17,0.0045581477905411805
2019-01-18,0.011842192115442749
2019-01-22,-0.01037112832309886
2019-01-23,0.0017898740015705231
2019-01-24,-0.0014675522312648478
2019-01-25,0.007700131399752496
2019-01-28,0.004616475992245836
2019-01-29,-0.003053538194572866
2019-01-30,-0.0011477308601129815
2019-01-31,-0.010338522620787754
2019-02-01,0.008329435756915266
2019-02-04,0.011086841192346873
2019-02-05,-0.0037324329775494077
2019-02-06,0.0010867637104151713
2019-02-07,0.006981425507073907
2019-02-08,-0.010958321019970947
2019-02-11,0.009042653991490339
2019-02-12,0.010232072037737737
2019-02-13,0.003130807693564685
2019-02-14,-0.009674292076025895
2019-02-15,0.02126920234213571
2019-02-19,0.010469822868603366
2019-02-20,0.01147032362568763
2019-02-21,-0.005132955377838288
2019-02-22,0.0026761262508523545
2019-02-25,-0.002737945706347607
2019-02-26,-0.011047136616499198
2019-02-27,0.00970330564092787
2019-02-28,-0.003976791024574812
2019-03-01,0.002725068931447682
2019-03-04,-0.002587482258634159
2019-03-05,-0.003442045383955603
2019-03-06,-0.0247299082716251
2019-03-07,-0.017799082257069627
2019-03-08,0.0026293282703354942
2019-03-11,0.007928388349722279
2019-03-12,-0.002826165607621151
2019-03-13,0.005175030746841076
2019-03-14,0.0012015040147098266
2019-03-15,0.00011221007554411031
2019-03-18,0.01247350875198839
2019-03-19,-0.022866833860038946
2019-03-20,-0.028598081685695085
2019-03-21,-0.009730577451422895
2019-03-22,-0.04444169642451176
2019-03-25,0.004761382734768331
2019-03-26,0.025612459739486844
2019-03-27,0.001668179700504955
2019-03-28,0.012242698519496172
2019-03-29,-0.004439550980555219
2019-04-01,0.027804646112861264
2019-04-02,-0.0023182649338677843
2019-04-03,0.003613558987664038
2019-04-04,0.014254020205545056
2019-04-05,0.005670701287454266
2019-04-08,0.00023651338747967307
2019-04-09,-0.01745231998989747
2019-04-10,0.012851875195668416
2019-04-11,0.002782669849918032
2019-04-12,0.018121490617938406
2019-04-15,-0.015363953937354144
2019-04-16,0.019928741860216564
2019-04-17,0.0010185731044469546
2019-04-18,-0.013006663388640155
2019-04-22,-0.010916344316815171
2019-04-23,0.022807619595494835
2019-04-24,-0.0007998252929474725
2019-04-25,-0.004229518996687843
2019-04-26,0.012780365654500856
2019-04-29,0.013043451020978791
2019-04-30,-0.005817232479202217
2019-05-01,-0.009373470704457364
2019-05-02,0.011439423396441217
2019-05-03,0.015946961163148882
2019-05-06,-0.002613668452172227
2019-05-07,-0.01640840701215717
2019-05-08,-0.008953483968664983
2019-05-09,-0.0010365125259998765
2019-05-10,0.0035990203111469555
2019-05-13,-0.039470458713663316
2019-05-14,0.01577508717082051
2019-05-15,-0.01231905732340384
2019-05-16,0.009929969685025327
2019-05-17,-0.008969651093919956
2019-05-20,0.003513856087340302
2019-05-21,0.006778721925774757
2019-05-22,-0.01315316327646533
2019-05-23,-0.023408700752159808
2019-05-24,0.01609983126282336
2019-05-28,-0.014172083194685142
2019-05-29,0.00504425177997417
2019-05-30,-0.01613825518938454
2019-05-31,-0.018792650578473555
2019-06-03,0.009725746510413611
2019-06-04,0.03325202280960622
2019-06-05,-0.005809705725603899
2019-06-06,-0.002169542300708405
2019-06-07,-0.005787036114691628
2019-06-10,0.009682072807422535
2019-06-11,0.001862882300067401
2019-06-12,-0.005852091009215159
2019-06-13,0.004036056315223917
2019-06-14,0.0033619224504343416
2019-06-17,-0.012471149998932566
2019-06-18,0.015916353199019843
2019-06-19,-0.005211766218162355
2019-06-20,-0.0005650206205690095
2019-06-21,-0.0012676408309492953
2019-06-24,-0.009057431666821115
2019-06-25,0.002022733842473583
2019-06-26,0.003890235286277804
2019-06-27,0.016795835384310235
2019-06-28,0.015744144969131735
2019-07-01,0.005332661158419591
2019-07-02,-0.013131375093504073
2019-07-03,0.007777983529052232
2019-07-05,0.011978574401739822
2019-07-08,-0.015656734176321106
2019-07-09,0.004707797097745544
2019-07-10,-0.011126903094793911
2019-07-11,0.006765068880212051
2019-07-12,0.010980793468632712
2019-07-15,-0.020018309593076673
2019-07-16,0.004184152447158787
2019-07-17,-0.006456479906833888
2019-07-18,0.011306602695312046
2019-07-19,0.003531889472911507
2019-07-22,-0.005532138436086114
2019-07-23,0.010890314856972822
2019-07-24,0.024606208839063608
2019-07-25,-0.007197274235322552
2019-07-26,0.015318091378380378
2019-07-29,-0.010433910779486954
2019-07-30,0.01410524355679096
2019-07-31,-0.00316826474836649
2019-08-01,-0.03484066210079077
2019-08-02,-0.008214628608640138
2019-08-05,-0.028304390587549584
2019-08-06,0.009378705751214099
2019-08-07,-0.010239263368684684
2019-08-08,0.021377795471017792
2019-08-09,-0.0034045086309863787
2019-08-12,-0.01654884713785691
2019-08-13,0.010486571070036229
2019-08-14,-0.030628088067986142
2019-08-15,-0.006305593186612572
2019-08-16,0.026297250594647457
2019-08-19,0.010964052632763266
2019-08-20,-0.013315143843633546
2019-08-21,0.007370434131129599
2019-08-22,0.0007735849768406709
2019-08-23,-0.03162411007926093
2019-08-26,0.011085210458309232
2019-08-27,-0.020047717444741986
2019-08-28,0.012873315803821245
2019-08-29,0.019097052028504202
2019-08-30,0.002518082072264047
2019-09-03,-0.021510901078427076
2019-09-04,0.006211875972769598
2019-09-05,0.024830414525774915
2019-09-06,-0.005940433951343373
2019-09-09,0.030002052531234204
2019-09-10,0.01810114631770164
2019-09-11,0.01666644598080657
2019-09-12,0.003755930114038545
2019-09-13,0.011176546960618166
2019-09-16,-0.002328927031129202
2019-09-17,-0.010740010599680114
2019-09-18,0.005945139153402868
2019-09-19,-0.007279020293669918
2019-09-20,-0.0001794642305509897
2019-09-23,0.00018667330392667868
2019-09-24,-0.015699169523872673
2019-09-25,0.01832279985841721
2019-09-26,-0.014885532435497619
2019-09-27,0.004155228098746263
2019-09-30,-0.003982511537090558
2019-10-01,-0.021847432273128783
2019-10-02,-0.00789891514052576
2019-10-03,-0.0017361765203541284
2019-10-04,0.01107339286729899
2019-10-07,-0.0024080654711826585
2019-10-08,-0.023073403954265492
2019-10-09,0.006160991865290278
2019-10-10,0.009057155959600072
2019-10-11,0.018713948486982077
2019-10-14,-0.0018903622988794568
2019-10-15,0.01502094860310527
2019-10-16,-0.0026704788851429156
2019-10-17,0.004143467471607352
2019-10-18,0.007855318256724135
2019-10-21,0.012302003828192463
2019-10-22,0.0033089161320236375
2019-10-23,0.002810179199984113
2019-10-24,-0.007714374581347108
2019-10-25,0.009091046093761736
2019-10-28,0.010882407425832004
2019-10-29,0.006968491891104424
2019-10-30,-0.005617342349565522
2019-10-31,-0.016440618224359393
2019-11-01,0.020049657580684492
2019-11-04,0.015368118230365754
2019-11-05,0.00838978326716821
2019-11-06,-0.00406452540061819
2019-11-07,0.007617624224880109
2019-11-08,0.00011555213087248027
2019-11-11,-0.0032889093204326782
2019-11-12,0.001888876254987395
2019-11-13,-0.010111543088866665
2019-11-14,-0.001266840831038765
2019-11-15,-0.0023036807933150723
2019-11-18,-0.0063290036215182515
2019-11-19,0.0044768596328989335
2019-11-20,-0.006219207969937061
2019-11-21,-0.0018865589095506262
2019-11-22,0.00519826667850293
2019-11-25,0.012559710028402152
2019-11-26,-0.005024738177316557
2019-11-27,0.0064594026615058045
2019-11-29,-0.005627709059601804
2019-12-02,-0.007273844658820403
2019-12-03,-0.012259329994758582
2019-12-04,0.012279081678110848
2019-12-05,0.0035605398004454536
2019-12-06,0.010791686764160403
2019-12-09,-0.0007078961051865551
2019-12-10,0.0019014372325540385
2019-12-11,-0.0018688927635327134
2019-12-12,0.026673677432474435
2019-12-13,-0.00442278936603849
2019-12-16,0.009899232644555615
2019-12-17,0.009726454844160301
2019-12-18,-0.0036205151124369984
2019-12-19,-6.687408528558352e-05
2019-12-20,-0.00028753571199997076
2019-12-23,-0.005130288429649661
2019-12-24,0.0013633939840152303
2019-12-26,0.0004966548055590584
2019-12-27,-0.004321899169633762
2019-12-30,0.002195467196329066
2019-12-31,0.00020477585563903822
